time,density,kinetic_energy,stiffness,fluid_viscosity,boundary_viscosity,fluid_depth,rest_density_grid_spacing,smoothing_length,rest_density,time_step_size,target_density_error,solver_iterations,relaxation_factor,time_step_wall_clock_time,predicted_density_error
15.0,900.223958568609,0.9272026913196636,0.0,0.2,0.2,20.249999999999996,0.8,0.8,900.0,0.005,0.025,10,0.5,0.092100677,0.024939195074898265
15.005,900.2236798736182,0.923722829902817,0.0,0.2,0.2,20.249999999999996,0.8,0.8,900.0,0.005,0.025,10,0.5,0.053379358,0.02489914995071989
15.01,900.2233227131067,0.9203075717566302,0.0,0.2,0.2,20.249999999999996,0.8,0.8,900.0,0.005,0.025,9,0.5,0.048340321,0.024964239656623786
15.015,900.2239227560328,0.9186654218506572,0.0,0.2,0.2,20.249999999999996,0.8,0.8,900.0,0.005,0.025,11,0.5,0.096578021,0.024937730658192755
15.02,900.2236577672688,0.9141095461839609,0.0,0.2,0.2,20.249999999999996,0.8,0.8,900.0,0.005,0.025,10,0.5,0.050379521,0.024905201486993756
15.025,900.2233779885787,0.9105949666720173,0.0,0.2,0.2,20.249999999999996,0.8,0.8,900.0,0.005,0.025,9,0.5,0.048407481,0.02497329890104614
15.030000000000001,900.2239988687419,0.9083245316788574,0.0,0.2,0.2,20.249999999999996,0.8,0.8,900.0,0.005,0.025,11,0.5,0.095172233,0.0249390176887857
15.035,900.2236628643793,0.9045188906499042,0.0,0.2,0.2,20.249999999999996,0.8,0.8,900.0,0.005,0.025,9,0.5,0.046541872,0.024999830204025558
15.040000000000001,900.2242350368539,0.9015144648061322,0.0,0.2,0.2,20.249999999999996,0.8,0.8,900.0,0.005,0.025,11,0.5,0.05179785,0.024957153460912578
15.045,900.2238221674842,0.8984380507187449,0.0,0.2,0.2,20.249999999999996,0.8,0.8,900.0,0.005,0.025,10,0.5,0.09074734,0.024899803900205023
15.05,900.2233188549518,0.8949824014248139,0.0,0.2,0.2,20.249999999999996,0.8,0.8,900.0,0.005,0.025,9,0.5,0.046755112,0.024941874964764816
15.055,900.2237128783911,0.8920189235469237,0.0,0.2,0.2,20.249999999999996,0.8,0.8,900.0,0.005,0.025,10,0.5,0.049655288,0.024992735717181008
15.06,900.2241557758387,0.888686736893851,0.0,0.2,0.2,20.249999999999996,0.8,0.8,900.0,0.005,0.025,11,0.5,0.095295994,0.024940145935577224
15.065,900.2236841563142,0.8866798077533653,0.0,0.2,0.2,20.249999999999996,0.8,0.8,900.0,0.005,0.025,9,0.5,0.046726042,0.02498479682734343
15.07,900.224090817098,0.8824191651550853,0.0,0.2,0.2,20.249999999999996,0.8,0.8,900.0,0.005,0.025,11,0.5,0.053024846,0.02491935063431626
15.075000000000001,900.2234769911285,0.8807945957941579,0.0,0.2,0.2,20.249999999999996,0.8,0.8,900.0,0.005,0.025,9,0.5,0.087929745,0.024946834370366773
15.08,900.2237489599345,0.8765019177252034,0.0,0.2,0.2,20.249999999999996,0.8,0.8,900.0,0.005,0.025,10,0.5,0.052708755,0.024979050776552315
15.085,900.2240334432081,0.8735251867266044,0.0,0.2,0.2,20.249999999999996,0.8,0.8,900.0,0.005,0.025,11,0.5,0.053504308,0.024906373295094403
15.09,900.2233755683593,0.8726616024064653,0.0,0.2,0.2,20.249999999999996,0.8,0.8,900.0,0.005,0.025,9,0.5,0.087736933,0.024931052525852485
15.095,900.223612967894,0.8678055834723263,0.0,0.2,0.2,20.249999999999996,0.8,0.8,900.0,0.005,0.025,10,0.5,0.049847308,0.024959434419398397
15.1,900.2238425562732,0.8650150333661679,0.0,0.2,0.2,20.249999999999996,0.8,0.8,900.0,0.005,0.025,10,0.5,0.05003624,0.02498467782751026
15.105,900.224083978671,0.8622410563585435,0.0,0.2,0.2,20.249999999999996,0.8,0.8,900.0,0.005,0.025,11,0.5,0.097171005,0.024903392912318252
15.11,900.2233393260847,0.8623118774431175,0.0,0.2,0.2,20.249999999999996,0.8,0.8,900.0,0.005,0.025,9,0.5,0.0482428,0.024914819911737583
15.115,900.223453656518,0.8568456172229776,0.0,0.2,0.2,20.249999999999996,0.8,0.8,900.0,0.005,0.025,10,0.5,0.049474196,0.02492734864544948
15.120000000000001,900.2235547649282,0.8542542985994614,0.0,0.2,0.2,20.249999999999996,0.8,0.8,900.0,0.005,0.025,10,0.5,0.09087586,0.02494143811787897
15.125,900.2236938801651,0.851673608128817,0.0,0.2,0.2,20.249999999999996,0.8,0.8,900.0,0.005,0.025,10,0.5,0.049029424,0.024959685925069034
15.13,900.2238553243634,0.8491320877827855,0.0,0.2,0.2,20.249999999999996,0.8,0.8,900.0,0.005,0.025,10,0.5,0.049671548,0.024974762108012086
15.135,900.2239870075845,0.8466243468913528,0.0,0.2,0.2,20.249999999999996,0.8,0.8,900.0,0.005,0.025,10,0.5,0.090694479,0.024982715786565707
15.14,900.22405555003,0.8441510907168699,0.0,0.2,0.2,20.249999999999996,0.8,0.8,900.0,0.005,0.025,10,0.5,0.050472302,0.024982703375720512
15.145,900.2240538646872,0.8417223583189372,0.0,0.2,0.2,20.249999999999996,0.8,0.8,900.0,0.005,0.025,10,0.5,0.049613698,0.024975780738989622
15.15,900.2239911305516,0.8393429596076102,0.0,0.2,0.2,20.249999999999996,0.8,0.8,900.0,0.005,0.025,10,0.5,0.090526488,0.02496373023128375
15.155000000000001,900.2238828543045,0.8370110230251028,0.0,0.2,0.2,20.249999999999996,0.8,0.8,900.0,0.005,0.025,10,0.5,0.049094565,0.024948344059088055
15.16,900.223744712652,0.8347217510474964,0.0,0.2,0.2,20.249999999999996,0.8,0.8,900.0,0.005,0.025,10,0.5,0.050739174,0.0249311013782329
15.165000000000001,900.2235897600311,0.832469924537952,0.0,0.2,0.2,20.249999999999996,0.8,0.8,900.0,0.005,0.025,10,0.5,0.092112997,0.024913133591446847
15.17,900.2234281013684,0.8302511407059057,0.0,0.2,0.2,20.249999999999996,0.8,0.8,900.0,0.005,0.025,10,0.5,0.04987488,0.024895334699683306
15.175,900.2232678097567,0.8280627667517901,0.0,0.2,0.2,20.249999999999996,0.8,0.8,900.0,0.005,0.025,9,0.5,0.047662017,0.0249852636725647
15.18,900.2240754427933,0.828645170420674,0.0,0.2,0.2,20.249999999999996,0.8,0.8,900.0,0.005,0.025,11,0.5,0.096862503,0.02497699311357953
15.185,900.2239773723543,0.8243221165577236,0.0,0.2,0.2,20.249999999999996,0.8,0.8,900.0,0.005,0.025,10,0.5,0.050424982,0.024956197197938713
15.19,900.2238053127691,0.8219798597894297,0.0,0.2,0.2,20.249999999999996,0.8,0.8,900.0,0.005,0.025,10,0.5,0.049718579,0.024925637056083392
15.195,900.2235170755098,0.8198255631454101,0.0,0.2,0.2,20.249999999999996,0.8,0.8,900.0,0.005,0.025,9,0.5,0.087231881,0.024991547237992393
15.200000000000001,900.2241224351474,0.8196625115093994,0.0,0.2,0.2,20.249999999999996,0.8,0.8,900.0,0.005,0.025,11,0.5,0.051435458,0.024957632397863798
15.205,900.2238089255562,0.8163031024397687,0.0,0.2,0.2,20.249999999999996,0.8,0.8,900.0,0.005,0.025,10,0.5,0.049835829,0.024917074719314973
15.21,900.2234627312348,0.8140851559925998,0.0,0.2,0.2,20.249999999999996,0.8,0.8,900.0,0.005,0.025,9,0.5,0.085968854,0.024980328903755143
15.215,900.2240219544472,0.8132948136584757,0.0,0.2,0.2,20.249999999999996,0.8,0.8,900.0,0.005,0.025,11,0.5,0.051513397,0.024940416306017295
15.22,900.2236365514163,0.8107403514761395,0.0,0.2,0.2,20.249999999999996,0.8,0.8,900.0,0.005,0.025,9,0.5,0.047217145,0.02499716834184893
15.225,900.2241723179179,0.8091724813035555,0.0,0.2,0.2,20.249999999999996,0.8,0.8,900.0,0.005,0.025,11,0.5,0.096800453,0.024950922941998167
15.23,900.2237324123636,0.8073428479742177,0.0,0.2,0.2,20.249999999999996,0.8,0.8,900.0,0.005,0.025,9,0.5,0.04639989,0.024997970927348012
15.235,900.2241749170706,0.8052598180491874,0.0,0.2,0.2,20.249999999999996,0.8,0.8,900.0,0.005,0.025,11,0.5,0.052549433,0.024939309883150098
15.24,900.2236250374622,0.8039872684445752,0.0,0.2,0.2,20.249999999999996,0.8,0.8,900.0,0.005,0.025,9,0.5,0.085775553,0.024975426366968236
15.245000000000001,900.223971075213,0.8015676275535252,0.0,0.2,0.2,20.249999999999996,0.8,0.8,900.0,0.005,0.025,11,0.5,0.051447797,0.024909127418564787
15.25,900.2233536764675,0.8006916322981009,0.0,0.2,0.2,20.249999999999996,0.8,0.8,900.0,0.005,0.025,9,0.5,0.048871343,0.024940670546568997
15.255,900.223659035313,0.7980939555377518,0.0,0.2,0.2,20.249999999999996,0.8,0.8,900.0,0.005,0.025,10,0.5,0.090726969,0.024978869189050536
15.26,900.2239915794344,0.7963419983004947,0.0,0.2,0.2,20.249999999999996,0.8,0.8,900.0,0.005,0.025,11,0.5,0.052773695,0.024912082892473708
15.265,900.2233778782394,0.7962736290011115,0.0,0.2,0.2,20.249999999999996,0.8,0.8,900.0,0.005,0.025,9,0.5,0.046873903,0.024939996636944024
15.27,900.2236476011298,0.7930112436462983,0.0,0.2,0.2,20.249999999999996,0.8,0.8,900.0,0.005,0.025,10,0.5,0.092044807,0.024970796127985032
15.275,900.2238956176479,0.7914034864571093,0.0,0.2,0.2,20.249999999999996,0.8,0.8,900.0,0.005,0.025,10,0.5,0.049054925,0.024996700274424615
15.280000000000001,900.2241458738778,0.7897902629792183,0.0,0.2,0.2,20.249999999999996,0.8,0.8,900.0,0.005,0.025,11,0.5,0.052109061,0.02491565879946414
15.285,900.22340347294,0.7906613187279633,0.0,0.2,0.2,20.249999999999996,0.8,0.8,900.0,0.005,0.025,9,0.5,0.085924674,0.024926101244669974
15.290000000000001,900.2235178624509,0.7866988130264003,0.0,0.2,0.2,20.249999999999996,0.8,0.8,900.0,0.005,0.025,10,0.5,0.049113185,0.024940185817648605
15.295,900.2236162544035,0.7852434356430196,0.0,0.2,0.2,20.249999999999996,0.8,0.8,900.0,0.005,0.025,10,0.5,0.051259067,0.024954135802779852
15.3,900.2237508912085,0.7837942959200982,0.0,0.2,0.2,20.249999999999996,0.8,0.8,900.0,0.005,0.025,10,0.5,0.09067409,0.02497161912129587
15.305,900.2239055687082,0.7823717638904372,0.0,0.2,0.2,20.249999999999996,0.8,0.8,900.0,0.005,0.025,10,0.5,0.050366942,0.024985657023118495
15.31,900.2240280463452,0.7809704364021302,0.0,0.2,0.2,20.249999999999996,0.8,0.8,900.0,0.005,0.025,10,0.5,0.049718318,0.024992334413970477
15.315,900.2240852920371,0.7795932756313498,0.0,0.2,0.2,20.249999999999996,0.8,0.8,900.0,0.005,0.025,10,0.5,0.090654819,0.0249908988559525
15.32,900.2240710468968,0.7782522600880527,0.0,0.2,0.2,20.249999999999996,0.8,0.8,900.0,0.005,0.025,10,0.5,0.049055955,0.02498252326953354
15.325000000000001,900.2239955286564,0.7769532040784403,0.0,0.2,0.2,20.249999999999996,0.8,0.8,900.0,0.005,0.025,10,0.5,0.049660088,0.024969106084866927
15.33,900.223875263887,0.7756946160023728,0.0,0.2,0.2,20.249999999999996,0.8,0.8,900.0,0.005,0.025,10,0.5,0.090689439,0.02495253252805759
15.335,900.2237267520837,0.774471931574462,0.0,0.2,0.2,20.249999999999996,0.8,0.8,900.0,0.005,0.025,10,0.5,0.049121825,0.024934294311126672
15.34,900.2235636550399,0.7732802491478236,0.0,0.2,0.2,20.249999999999996,0.8,0.8,900.0,0.005,0.025,10,0.5,0.049552637,0.024915679090210467
15.345,900.223396475255,0.7721157379440168,0.0,0.2,0.2,20.249999999999996,0.8,0.8,900.0,0.005,0.025,10,0.5,0.090387297,0.024897547444070543
15.35,900.2232334905328,0.7709764636197834,0.0,0.2,0.2,20.249999999999996,0.8,0.8,900.0,0.005,0.025,9,0.5,0.046508111,0.024986158604916823
15.355,900.2240414860476,0.77281790373615,0.0,0.2,0.2,20.249999999999996,0.8,0.8,900.0,0.005,0.025,11,0.5,0.05195863,0.02498038078374533
15.36,900.2239458772638,0.769283594301838,0.0,0.2,0.2,20.249999999999996,0.8,0.8,900.0,0.005,0.025,10,0.5,0.090506118,0.02495927317767555
15.365,900.223779514411,0.7679857664188681,0.0,0.2,0.2,20.249999999999996,0.8,0.8,900.0,0.005,0.025,10,0.5,0.048824923,0.024928245485075627
15.370000000000001,900.2234987434447,0.7668595733971696,0.0,0.2,0.2,20.249999999999996,0.8,0.8,900.0,0.005,0.025,9,0.5,0.047104665,0.02499507683454206
15.375,900.2241133687427,0.7679505216171966,0.0,0.2,0.2,20.249999999999996,0.8,0.8,900.0,0.005,0.025,11,0.5,0.095155023,0.024965384064692713
15.38,900.2238070231334,0.7653583003873206,0.0,0.2,0.2,20.249999999999996,0.8,0.8,900.0,0.005,0.025,10,0.5,0.048890284,0.024924929643482568
15.385,900.223470226965,0.7642078234003957,0.0,0.2,0.2,20.249999999999996,0.8,0.8,900.0,0.005,0.025,9,0.5,0.047191645,0.024987012233136693
15.39,900.2240394453116,0.7646405977213746,0.0,0.2,0.2,20.249999999999996,0.8,0.8,900.0,0.005,0.025,11,0.5,0.095499805,0.024949664552720307
15.395,900.2236626848173,0.7628679617703333,0.0,0.2,0.2,20.249999999999996,0.8,0.8,900.0,0.005,0.025,10,0.5,0.049187065,0.024899895868393855
15.4,900.2232430286887,0.7617557472892946,0.0,0.2,0.2,20.249999999999996,0.8,0.8,900.0,0.005,0.025,9,0.5,0.047197015,0.024953452307348665
15.405000000000001,900.2237367703495,0.7619016638326009,0.0,0.2,0.2,20.249999999999996,0.8,0.8,900.0,0.005,0.025,11,0.5,0.09801389,0.024909318855343317
15.41,900.2233081238669,0.7605186987188186,0.0,0.2,0.2,20.249999999999996,0.8,0.8,900.0,0.005,0.025,9,0.5,0.046732442,0.024963628151186218
15.415000000000001,900.2238281187687,0.7601398423278194,0.0,0.2,0.2,20.249999999999996,0.8,0.8,900.0,0.005,0.025,11,0.5,0.052029701,0.0249200429374709
15.42,900.2234013399519,0.7592658570385014,0.0,0.2,0.2,20.249999999999996,0.8,0.8,900.0,0.005,0.025,9,0.5,0.087354531,0.024969621290089852
15.425,900.2238781255219,0.758571394131053,0.0,0.2,0.2,20.249999999999996,0.8,0.8,900.0,0.005,0.025,11,0.5,0.051459678,0.024918714732165573
15.43,900.2233795600457,0.7580617609766032,0.0,0.2,0.2,20.249999999999996,0.8,0.8,900.0,0.005,0.025,9,0.5,0.047166035,0.02495964727915499
15.435,900.2237875692865,0.7571865322686426,0.0,0.2,0.2,20.249999999999996,0.8,0.8,900.0,0.005,0.025,11,0.5,0.095263554,0.024902154520533314
15.44,900.2232381214826,0.7569576478182768,0.0,0.2,0.2,20.249999999999996,0.8,0.8,900.0,0.005,0.025,9,0.5,0.046737792,0.024940320385582696
15.445,900.2236144407126,0.7559858758469473,0.0,0.2,0.2,20.249999999999996,0.8,0.8,900.0,0.005,0.025,10,0.5,0.049586838,0.024988211102293698
15.450000000000001,900.2240164518824,0.7553019452299247,0.0,0.2,0.2,20.249999999999996,0.8,0.8,900.0,0.005,0.025,11,0.5,0.095478695,0.024927803689575697
15.455,900.2234664682315,0.755939222744125,0.0,0.2,0.2,20.249999999999996,0.8,0.8,900.0,0.005,0.025,9,0.5,0.046805032,0.024960835555858932
15.46,900.2237939831713,0.7542426928553767,0.0,0.2,0.2,20.249999999999996,0.8,0.8,900.0,0.005,0.025,10,0.5,0.050243051,0.024996849269566666
15.465,900.2240892374449,0.7537042819905052,0.0,0.2,0.2,20.249999999999996,0.8,0.8,900.0,0.005,0.025,11,0.5,0.095091973,0.02492167305651223
15.47,900.2234087239356,0.7550269405576634,0.0,0.2,0.2,20.249999999999996,0.8,0.8,900.0,0.005,0.025,9,0.5,0.046500981,0.024941397691052927
15.475,900.2236187115859,0.752906708415001,0.0,0.2,0.2,20.249999999999996,0.8,0.8,900.0,0.005,0.025,10,0.5,0.049606408,0.024967355075371515
15.48,900.2238248590969,0.7525020026065092,0.0,0.2,0.2,20.249999999999996,0.8,0.8,900.0,0.005,0.025,10,0.5,0.090636939,0.024992071026698433
15.485000000000001,900.2240541687482,0.7521434814301118,0.0,0.2,0.2,20.249999999999996,0.8,0.8,900.0,0.005,0.025,11,0.5,0.051313697,0.024910650283179753
15.49,900.223307693931,0.7544175644510668,0.0,0.2,0.2,20.249999999999996,0.8,0.8,900.0,0.005,0.025,9,0.5,0.047913338,0.024920377725530855
15.495000000000001,900.2234271895865,0.7516260674289484,0.0,0.2,0.2,20.249999999999996,0.8,0.8,900.0,0.005,0.025,10,0.5,0.091178781,0.024935267812955738
15.5,900.2235348080809,0.7513945001080854,0.0,0.2,0.2,20.249999999999996,0.8,0.8,900.0,0.005,0.025,10,0.5,0.049291696,0.02495063823552579
15.505,900.2236815636948,0.7512010545634941,0.0,0.2,0.2,20.249999999999996,0.8,0.8,900.0,0.005,0.025,10,0.5,0.050414902,0.024969665071578474
15.51,900.22385040787,0.7510419857272348,0.0,0.2,0.2,20.249999999999996,0.8,0.8,900.0,0.005,0.025,10,0.5,0.090533618,0.024985482379037662
15.515,900.2239892143898,0.7509064415007672,0.0,0.2,0.2,20.249999999999996,0.8,0.8,900.0,0.005,0.025,10,0.5,0.049184726,0.02499497646157556
15.52,900.224064921356,0.7507965834707556,0.0,0.2,0.2,20.249999999999996,0.8,0.8,900.0,0.005,0.025,10,0.5,0.049603218,0.024995719838636417
15.525,900.2240705879037,0.750722918882254,0.0,0.2,0.2,20.249999999999996,0.8,0.8,900.0,0.005,0.025,10,0.5,0.090614619,0.024988745515810158
15.530000000000001,900.2240151836943,0.7506895511318042,0.0,0.2,0.2,20.249999999999996,0.8,0.8,900.0,0.005,0.025,10,0.5,0.050594353,0.024977392751330568
15.535,900.2239138454548,0.7506939210667568,0.0,0.2,0.2,20.249999999999996,0.8,0.8,900.0,0.005,0.025,10,0.5,0.050806894,0.0249625979225751
15.540000000000001,900.223781733916,0.7507308960789586,0.0,0.2,0.2,20.249999999999996,0.8,0.8,900.0,0.005,0.025,10,0.5,0.091374713,0.024945795827350143
15.545,900.223631477863,0.7507950298062808,0.0,0.2,0.2,20.249999999999996,0.8,0.8,900.0,0.005,0.025,10,0.5,0.049526057,0.024928092432879634
15.55,900.2234729570423,0.7508815536978618,0.0,0.2,0.2,20.249999999999996,0.8,0.8,900.0,0.005,0.025,10,0.5,0.049973449,0.024910376468244094
15.555,900.2233141990808,0.750987233099859,0.0,0.2,0.2,20.249999999999996,0.8,0.8,900.0,0.005,0.025,9,0.5,0.087463022,0.024998964498694536
15.56,900.2241226015938,0.7538700386759276,0.0,0.2,0.2,20.249999999999996,0.8,0.8,900.0,0.005,0.025,11,0.5,0.051204476,0.024990541156699558
15.565,900.2240226812188,0.7517237234484062,0.0,0.2,0.2,20.249999999999996,0.8,0.8,900.0,0.005,0.025,10,0.5,0.051516138,0.024968693916836905
15.57,900.2238485983278,0.7517172563323764,0.0,0.2,0.2,20.249999999999996,0.8,0.8,900.0,0.005,0.025,10,0.5,0.090566759,0.02493913217293571
15.575000000000001,900.2235568199732,0.751836325603768,0.0,0.2,0.2,20.249999999999996,0.8,0.8,900.0,0.005,0.025,10,0.5,0.049092565,0.024898329955018467
15.58,900.2231932909198,0.7520079890972068,0.0,0.2,0.2,20.249999999999996,0.8,0.8,900.0,0.005,0.025,9,0.5,0.047210385,0.024960602002753646
15.585,900.2237939802798,0.7542153283728836,0.0,0.2,0.2,20.249999999999996,0.8,0.8,900.0,0.005,0.025,11,0.5,0.095496965,0.024937720681549307
15.59,900.2235484011229,0.7528720437587043,0.0,0.2,0.2,20.249999999999996,0.8,0.8,900.0,0.005,0.025,10,0.5,0.049105385,0.024904070748226304
15.595,900.2232850341308,0.7529570698398135,0.0,0.2,0.2,20.249999999999996,0.8,0.8,900.0,0.005,0.025,9,0.5,0.047309565,0.02497827020288887
15.6,900.2239250394897,0.7545750547237212,0.0,0.2,0.2,20.249999999999996,0.8,0.8,900.0,0.005,0.025,11,0.5,0.095424745,0.02494482160433929
15.605,900.2236102517785,0.7538777538659003,0.0,0.2,0.2,20.249999999999996,0.8,0.8,900.0,0.005,0.025,10,0.5,0.049167466,0.024902902854691013
15.610000000000001,900.2232418735407,0.7539592447136771,0.0,0.2,0.2,20.249999999999996,0.8,0.8,900.0,0.005,0.025,9,0.5,0.047194245,0.024961370340888807
15.615,900.2237801140989,0.7553312118537077,0.0,0.2,0.2,20.249999999999996,0.8,0.8,900.0,0.005,0.025,11,0.5,0.095430135,0.024920266726943325
15.620000000000001,900.2233912674856,0.7549306498233334,0.0,0.2,0.2,20.249999999999996,0.8,0.8,900.0,0.005,0.025,9,0.5,0.046750072,0.02497969684769344
15.625,900.2239461010511,0.7557146813014319,0.0,0.2,0.2,20.249999999999996,0.8,0.8,900.0,0.005,0.025,11,0.5,0.051985491,0.02493797502584976
15.63,900.2235485657388,0.7559008550163856,0.0,0.2,0.2,20.249999999999996,0.8,0.8,900.0,0.005,0.025,9,0.5,0.085965814,0.024991177360962655
15.635,900.2240466303102,0.756222944496775,0.0,0.2,0.2,20.249999999999996,0.8,0.8,900.0,0.005,0.025,11,0.5,0.051510968,0.024939373783687335
15.64,900.2235596561795,0.7568634099841564,0.0,0.2,0.2,20.249999999999996,0.8,0.8,900.0,0.005,0.025,9,0.5,0.047222264,0.024982548582770426
15.645,900.2239695163191,0.7568342635436758,0.0,0.2,0.2,20.249999999999996,0.8,0.8,900.0,0.005,0.025,11,0.5,0.095177483,0.02492268343023958
15.65,900.2234112121071,0.7578307804200013,0.0,0.2,0.2,20.249999999999996,0.8,0.8,900.0,0.005,0.025,9,0.5,0.047115014,0.024959381972984453
15.655000000000001,900.2237704185471,0.7575405350609559,0.0,0.2,0.2,20.249999999999996,0.8,0.8,900.0,0.005,0.025,11,0.5,0.053067617,0.024897227420321057
15.66,900.2231846647438,0.7587699467868948,0.0,0.2,0.2,20.249999999999996,0.8,0.8,900.0,0.005,0.025,9,0.5,0.087281731,0.02493266622416713
15.665000000000001,900.2235323192762,0.758343495099621,0.0,0.2,0.2,20.249999999999996,0.8,0.8,900.0,0.005,0.025,10,0.5,0.049012004,0.024976759995679575
15.67,900.2239125181827,0.7585953088705826,0.0,0.2,0.2,20.249999999999996,0.8,0.8,900.0,0.005,0.025,11,0.5,0.052005701,0.02491534910874621
15.675,900.2233473292628,0.7605293955090111,0.0,0.2,0.2,20.249999999999996,0.8,0.8,900.0,0.005,0.025,9,0.5,0.086648568,0.024947757068388747
15.68,900.2236650985278,0.7594529045678625,0.0,0.2,0.2,20.249999999999996,0.8,0.8,900.0,0.005,0.025,10,0.5,0.049887619,0.024982065057843162
15.685,900.2239576309545,0.7597664481987166,0.0,0.2,0.2,20.249999999999996,0.8,0.8,900.0,0.005,0.025,11,0.5,0.053635889,0.024908142139069833
15.69,900.223282262552,0.762130035601544,0.0,0.2,0.2,20.249999999999996,0.8,0.8,900.0,0.005,0.025,9,0.5,0.086077734,0.024929566273835607
15.695,900.2235033118126,0.7606973628562368,0.0,0.2,0.2,20.249999999999996,0.8,0.8,900.0,0.005,0.025,10,0.5,0.049021904,0.02495603944415757
15.700000000000001,900.2237266265146,0.7610375176692661,0.0,0.2,0.2,20.249999999999996,0.8,0.8,900.0,0.005,0.025,10,0.5,0.049733558,0.02498388663834596
15.705,900.2239775195594,0.761416379214058,0.0,0.2,0.2,20.249999999999996,0.8,0.8,900.0,0.005,0.025,11,0.5,0.097170685,0.024905059724059906
15.71,900.2232552667434,0.7644752930747345,0.0,0.2,0.2,20.249999999999996,0.8,0.8,900.0,0.005,0.025,9,0.5,0.0482145,0.02491800814929155
15.715,900.2233993044056,0.7623807022446836,0.0,0.2,0.2,20.249999999999996,0.8,0.8,900.0,0.005,0.025,10,0.5,0.049650377,0.024934199922757912
15.72,900.2235311711227,0.7627654442742788,0.0,0.2,0.2,20.249999999999996,0.8,0.8,900.0,0.005,0.025,10,0.5,0.090482038,0.02495277828165699
15.725,900.2237001759407,0.7631780379520648,0.0,0.2,0.2,20.249999999999996,0.8,0.8,900.0,0.005,0.025,10,0.5,0.049315856,0.024973828038163018
15.73,900.2238877955668,0.7636100720522011,0.0,0.2,0.2,20.249999999999996,0.8,0.8,900.0,0.005,0.025,10,0.5,0.049555577,0.024991181740139836
15.735000000000001,900.2240410469064,0.7640439013670554,0.0,0.2,0.2,20.249999999999996,0.8,0.8,900.0,0.005,0.025,11,0.5,0.095171613,0.024894256637538047
15.74,900.2231571713465,0.7679438308412248,0.0,0.2,0.2,20.249999999999996,0.8,0.8,900.0,0.005,0.025,8,0.5,0.04438481,0.024994055649129286
15.745000000000001,900.2240963018622,0.7697398522825355,0.0,0.2,0.2,20.249999999999996,0.8,0.8,900.0,0.005,0.025,12,0.5,0.054493244,0.024895056332536955
15.75,900.2231611365004,0.7695528372482463,0.0,0.2,0.2,20.249999999999996,0.8,0.8,900.0,0.005,0.025,8,0.5,0.081763671,0.02499268911430216
15.755,900.2241044665961,0.7699998487770235,0.0,0.2,0.2,20.249999999999996,0.8,0.8,900.0,0.005,0.025,12,0.5,0.054377014,0.024895827352013778
15.76,900.2231678031427,0.7709403062266075,0.0,0.2,0.2,20.249999999999996,0.8,0.8,900.0,0.005,0.025,8,0.5,0.044891973,0.02498908101732469
15.765,900.2240702891894,0.7705087364857712,0.0,0.2,0.2,20.249999999999996,0.8,0.8,900.0,0.005,0.025,11,0.5,0.095051023,0.02499045159439914
15.77,900.224028326646,0.7673509025255675,0.0,0.2,0.2,20.249999999999996,0.8,0.8,900.0,0.005,0.025,10,0.5,0.048833464,0.024976571410021815
15.775,900.2239345105669,0.7677124550023124,0.0,0.2,0.2,20.249999999999996,0.8,0.8,900.0,0.005,0.025,10,0.5,0.049362046,0.024959752744957583
15.780000000000001,900.2237582018988,0.7681440479267777,0.0,0.2,0.2,20.249999999999996,0.8,0.8,900.0,0.005,0.025,10,0.5,0.091943936,0.024932557091750792
15.785,900.2235158706958,0.7685780969134509,0.0,0.2,0.2,20.249999999999996,0.8,0.8,900.0,0.005,0.025,10,0.5,0.049259066,0.024903203604924623
15.790000000000001,900.2232555256753,0.7689999646040268,0.0,0.2,0.2,20.249999999999996,0.8,0.8,900.0,0.005,0.025,9,0.5,0.047923018,0.0249798355051705
15.795,900.2239762465791,0.7718835068319345,0.0,0.2,0.2,20.249999999999996,0.8,0.8,900.0,0.005,0.025,11,0.5,0.095592276,0.024965452832223328
15.8,900.2238199644462,0.7702318352341965,0.0,0.2,0.2,20.249999999999996,0.8,0.8,900.0,0.005,0.025,10,0.5,0.048706173,0.024941021826321463
15.805,900.2236173034056,0.7705149773901065,0.0,0.2,0.2,20.249999999999996,0.8,0.8,900.0,0.005,0.025,10,0.5,0.05001874,0.02490845913795955
15.81,900.2233167668173,0.7708650743169083,0.0,0.2,0.2,20.249999999999996,0.8,0.8,900.0,0.005,0.025,9,0.5,0.085535352,0.024973516762006622
15.815,900.2239211502648,0.7730578250219357,0.0,0.2,0.2,20.249999999999996,0.8,0.8,900.0,0.005,0.025,11,0.5,0.051323467,0.024943302546757088
15.82,900.2236178719835,0.7719702608009432,0.0,0.2,0.2,20.249999999999996,0.8,0.8,900.0,0.005,0.025,10,0.5,0.049424787,0.024903545176579
15.825000000000001,900.2232878259512,0.7722050375552889,0.0,0.2,0.2,20.249999999999996,0.8,0.8,900.0,0.005,0.025,9,0.5,0.085876284,0.024968348895834352
15.83,900.2238680246871,0.7738757944219906,0.0,0.2,0.2,20.249999999999996,0.8,0.8,900.0,0.005,0.025,11,0.5,0.051241367,0.024931830516515947
15.835,900.2235095498233,0.7733101980125332,0.0,0.2,0.2,20.249999999999996,0.8,0.8,900.0,0.005,0.025,9,0.5,0.047003223,0.024990140428734937
15.84,900.224078390484,0.7742834549423856,0.0,0.2,0.2,20.249999999999996,0.8,0.8,900.0,0.005,0.025,11,0.5,0.099613757,0.02494848451958522
15.845,900.2236753352151,0.7743519577433957,0.0,0.2,0.2,20.249999999999996,0.8,0.8,900.0,0.005,0.025,9,0.5,0.046784232,0.024999060666555606
15.85,900.2241565116019,0.7747849737658867,0.0,0.2,0.2,20.249999999999996,0.8,0.8,900.0,0.005,0.025,11,0.5,0.052322423,0.02494499656185708
15.855,900.2236434220339,0.7753478543908154,0.0,0.2,0.2,20.249999999999996,0.8,0.8,900.0,0.005,0.025,9,0.5,0.086351266,0.024984764675168844
15.860000000000001,900.2240235053099,0.7753564349260772,0.0,0.2,0.2,20.249999999999996,0.8,0.8,900.0,0.005,0.025,11,0.5,0.051341898,0.02492141503189613
15.865,900.2234335136075,0.7762921958751429,0.0,0.2,0.2,20.249999999999996,0.8,0.8,900.0,0.005,0.025,9,0.5,0.048008619,0.02495528954628825
15.870000000000001,900.2237611131811,0.7759923067213731,0.0,0.2,0.2,20.249999999999996,0.8,0.8,900.0,0.005,0.025,10,0.5,0.091327733,0.024995616518151454
15.875,900.2241082072184,0.7761261468035578,0.0,0.2,0.2,20.249999999999996,0.8,0.8,900.0,0.005,0.025,11,0.5,0.051602599,0.02492936540735361
15.88,900.2235001329519,0.7779781907696928,0.0,0.2,0.2,20.249999999999996,0.8,0.8,900.0,0.005,0.025,9,0.5,0.047484676,0.024956461111666536
15.885,900.2237697885898,0.7768234282040842,0.0,0.2,0.2,20.249999999999996,0.8,0.8,900.0,0.005,0.025,10,0.5,0.091356263,0.024984886447734625
15.89,900.2240100256321,0.777041180522196,0.0,0.2,0.2,20.249999999999996,0.8,0.8,900.0,0.005,0.025,11,0.5,0.051584078,0.0249049317626353
15.895,900.2232809141902,0.7793820297338369,0.0,0.2,0.2,20.249999999999996,0.8,0.8,900.0,0.005,0.025,9,0.5,0.047441336,0.024920619308913428
15.9,900.2234499246485,0.7778182832426702,0.0,0.2,0.2,20.249999999999996,0.8,0.8,900.0,0.005,0.025,10,0.5,0.091323133,0.024941652660580252
15.905000000000001,900.2236248703136,0.7780638001943396,0.0,0.2,0.2,20.249999999999996,0.8,0.8,900.0,0.005,0.025,10,0.5,0.049206006,0.024964103410509926
15.91,900.2238340819587,0.7783466328620757,0.0,0.2,0.2,20.249999999999996,0.8,0.8,900.0,0.005,0.025,10,0.5,0.049886489,0.024987893310357497
15.915000000000001,900.2240455137819,0.7786518696883103,0.0,0.2,0.2,20.249999999999996,0.8,0.8,900.0,0.005,0.025,11,0.5,0.096081728,0.024899914511126543
15.92,900.2232343189883,0.7818677799665039,0.0,0.2,0.2,20.249999999999996,0.8,0.8,900.0,0.005,0.025,9,0.5,0.046958823,0.02490103853311102
15.925,900.2232727504708,0.7794514131094175,0.0,0.2,0.2,20.249999999999996,0.8,0.8,900.0,0.005,0.025,10,0.5,0.05002473,0.024905971164564403
15.93,900.2233052825742,0.7797403718800652,0.0,0.2,0.2,20.249999999999996,0.8,0.8,900.0,0.005,0.025,10,0.5,0.091291892,0.02491524086972372
15.935,900.2233983476018,0.7800492365879803,0.0,0.2,0.2,20.249999999999996,0.8,0.8,900.0,0.005,0.025,10,0.5,0.049547987,0.0249311923756554
15.94,900.2235405841527,0.7803849174007217,0.0,0.2,0.2,20.249999999999996,0.8,0.8,900.0,0.005,0.025,10,0.5,0.04987309,0.024946622566206417
15.945,900.2236764979588,0.7807251577657555,0.0,0.2,0.2,20.249999999999996,0.8,0.8,900.0,0.005,0.025,10,0.5,0.091543664,0.02495691988017164
15.950000000000001,900.2237669828962,0.7810627181900793,0.0,0.2,0.2,20.249999999999996,0.8,0.8,900.0,0.005,0.025,10,0.5,0.049514697,0.024960663014605873
15.955,900.2237999119765,0.7814034993468312,0.0,0.2,0.2,20.249999999999996,0.8,0.8,900.0,0.005,0.025,10,0.5,0.050029789,0.024958483972962384
15.96,900.2237808321892,0.7817502765311372,0.0,0.2,0.2,20.249999999999996,0.8,0.8,900.0,0.005,0.025,10,0.5,0.091433703,0.024951854303085677
15.965,900.2237223590676,0.7821020098406357,0.0,0.2,0.2,20.249999999999996,0.8,0.8,900.0,0.005,0.025,10,0.5,0.049207435,0.024942295422634878
15.97,900.2236377074277,0.7824573613509149,0.0,0.2,0.2,20.249999999999996,0.8,0.8,900.0,0.005,0.025,10,0.5,0.049813908,0.02493101440472742
15.975,900.2235374625756,0.7828155182072485,0.0,0.2,0.2,20.249999999999996,0.8,0.8,900.0,0.005,0.025,10,0.5,0.091291642,0.024919350867349113
15.98,900.2234432180888,0.7831282717552034,0.0,0.2,0.2,20.249999999999996,0.8,0.8,900.0,0.005,0.025,10,0.5,0.049194445,0.024909380923853062
15.985000000000001,900.2233439192831,0.7833899416761225,0.0,0.2,0.2,20.249999999999996,0.8,0.8,900.0,0.005,0.025,10,0.5,0.049728738,0.024897730799358885
15.99,900.2232407985953,0.783738333690415,0.0,0.2,0.2,20.249999999999996,0.8,0.8,900.0,0.005,0.025,9,0.5,0.086339546,0.024992739987973658
15.995000000000001,900.2241009982947,0.7875036810809948,0.0,0.2,0.2,20.249999999999996,0.8,0.8,900.0,0.005,0.025,11,0.5,0.051522618,0.024989467843314357
16.0,900.2240492314995,0.7847637461350184,0.0,0.2,0.2,20.249999999999996,0.8,0.8,900.0,0.005,0.025,10,0.5,0.049695188,0.024973642936191406
