time,density,kinetic_energy,fluid_viscosity,boundary_viscosity,fluid_depth,rest_density_grid_spacing,smoothing_length,rest_density,time_step_size,solver_iterations
5.0,900.4963575517656,208.48544648858007,0.2,0.2,20.249999999999996,0.8,0.8,900.0,0.01,20
5.01,900.513537352477,209.58952791551906,0.2,0.2,20.249999999999996,0.8,0.8,900.0,0.01,20
5.0200000000000005,900.5243503948248,211.34834163065807,0.2,0.2,20.249999999999996,0.8,0.8,900.0,0.01,20
5.03,900.5289591829787,213.6146891627133,0.2,0.2,20.249999999999996,0.8,0.8,900.0,0.01,20
5.04,900.52813164202,216.25405822502023,0.2,0.2,20.249999999999996,0.8,0.8,900.0,0.01,20
5.05,900.5222285816837,218.99704321335048,0.2,0.2,20.249999999999996,0.8,0.8,900.0,0.01,20
5.0600000000000005,900.511251617764,221.41214922206856,0.2,0.2,20.249999999999996,0.8,0.8,900.0,0.01,20
5.07,900.4944736895042,223.16084109385912,0.2,0.2,20.249999999999996,0.8,0.8,900.0,0.01,20
5.08,900.4721934233189,223.7989462337371,0.2,0.2,20.249999999999996,0.8,0.8,900.0,0.01,20
5.09,900.446255149164,223.31533633422467,0.2,0.2,20.249999999999996,0.8,0.8,900.0,0.01,20
5.1000000000000005,900.419461754017,221.88788395052936,0.2,0.2,20.249999999999996,0.8,0.8,900.0,0.01,20
5.11,900.3957078829413,219.7318762173982,0.2,0.2,20.249999999999996,0.8,0.8,900.0,0.01,20
5.12,900.3786066619459,216.91943283040223,0.2,0.2,20.249999999999996,0.8,0.8,900.0,0.01,20
5.13,900.3697323302912,214.12929848200605,0.2,0.2,20.249999999999996,0.8,0.8,900.0,0.01,20
5.14,900.3696741703382,211.45819728951165,0.2,0.2,20.249999999999996,0.8,0.8,900.0,0.01,20
5.15,900.3780441441822,209.03982112160583,0.2,0.2,20.249999999999996,0.8,0.8,900.0,0.01,20
5.16,900.3919812843995,207.39369195584777,0.2,0.2,20.249999999999996,0.8,0.8,900.0,0.01,20
5.17,900.4081765044295,206.49549805762064,0.2,0.2,20.249999999999996,0.8,0.8,900.0,0.01,20
5.18,900.4234532698637,206.35190846997574,0.2,0.2,20.249999999999996,0.8,0.8,900.0,0.01,20
5.19,900.4347073967723,206.73075731002982,0.2,0.2,20.249999999999996,0.8,0.8,900.0,0.01,20
5.2,900.439547449255,207.3108795316284,0.2,0.2,20.249999999999996,0.8,0.8,900.0,0.01,20
5.21,900.4379394513313,207.7437660229077,0.2,0.2,20.249999999999996,0.8,0.8,900.0,0.01,20
5.22,900.4324532180538,207.90413578620903,0.2,0.2,20.249999999999996,0.8,0.8,900.0,0.01,20
5.23,900.4257486050922,208.04057755018812,0.2,0.2,20.249999999999996,0.8,0.8,900.0,0.01,20
5.24,900.4203939604864,208.24127861549505,0.2,0.2,20.249999999999996,0.8,0.8,900.0,0.01,20
5.25,900.4174222323553,208.49218416943881,0.2,0.2,20.249999999999996,0.8,0.8,900.0,0.01,20
5.26,900.4173995890687,208.51111641898555,0.2,0.2,20.249999999999996,0.8,0.8,900.0,0.01,20
5.2700000000000005,900.4183357050326,208.7158684298337,0.2,0.2,20.249999999999996,0.8,0.8,900.0,0.01,20
5.28,900.4193455175484,208.92763161069774,0.2,0.2,20.249999999999996,0.8,0.8,900.0,0.01,20
5.29,900.4194051763299,209.1736438286024,0.2,0.2,20.249999999999996,0.8,0.8,900.0,0.01,20
5.3,900.4176815484027,209.4784911391371,0.2,0.2,20.249999999999996,0.8,0.8,900.0,0.01,20
5.3100000000000005,900.4140433710675,209.84149439682673,0.2,0.2,20.249999999999996,0.8,0.8,900.0,0.01,20
5.32,900.4086499598277,210.3568398565062,0.2,0.2,20.249999999999996,0.8,0.8,900.0,0.01,20
5.33,900.4029601095701,210.8805450824422,0.2,0.2,20.249999999999996,0.8,0.8,900.0,0.01,20
5.34,900.3988721914457,211.32462876190837,0.2,0.2,20.249999999999996,0.8,0.8,900.0,0.01,20
5.3500000000000005,900.3990286476386,211.56711828132615,0.2,0.2,20.249999999999996,0.8,0.8,900.0,0.01,20
5.36,900.4055595920444,211.62135778210654,0.2,0.2,20.249999999999996,0.8,0.8,900.0,0.01,20
5.37,900.419480141092,211.57686004502955,0.2,0.2,20.249999999999996,0.8,0.8,900.0,0.01,20
5.38,900.4414607535105,211.34811065452968,0.2,0.2,20.249999999999996,0.8,0.8,900.0,0.01,20
5.39,900.4678433201364,211.58444499059493,0.2,0.2,20.249999999999996,0.8,0.8,900.0,0.01,20
5.4,900.4956030039348,212.17978622957153,0.2,0.2,20.249999999999996,0.8,0.8,900.0,0.01,20
5.41,900.5203004259791,213.23046535686257,0.2,0.2,20.249999999999996,0.8,0.8,900.0,0.01,20
5.42,900.5375744797406,214.8097519202731,0.2,0.2,20.249999999999996,0.8,0.8,900.0,0.01,20
5.43,900.5441096665031,216.7746730848631,0.2,0.2,20.249999999999996,0.8,0.8,900.0,0.01,20
5.44,900.538423790124,218.8646303414519,0.2,0.2,20.249999999999996,0.8,0.8,900.0,0.01,20
5.45,900.5210268891628,220.65560763795054,0.2,0.2,20.249999999999996,0.8,0.8,900.0,0.01,20
5.46,900.4946737806114,221.83250608882372,0.2,0.2,20.249999999999996,0.8,0.8,900.0,0.01,20
5.47,900.4631893798157,222.15811429452924,0.2,0.2,20.249999999999996,0.8,0.8,900.0,0.01,20
5.48,900.4309799184688,221.55953137121676,0.2,0.2,20.249999999999996,0.8,0.8,900.0,0.01,20
5.49,900.4020898102114,220.17483573772003,0.2,0.2,20.249999999999996,0.8,0.8,900.0,0.01,20
5.5,900.3794917197062,218.2957233844965,0.2,0.2,20.249999999999996,0.8,0.8,900.0,0.01,20
5.51,900.365224019372,216.10706908482786,0.2,0.2,20.249999999999996,0.8,0.8,900.0,0.01,20
5.5200000000000005,900.3600725925664,214.01372599876842,0.2,0.2,20.249999999999996,0.8,0.8,900.0,0.01,20
5.53,900.3630451797549,212.35942056511482,0.2,0.2,20.249999999999996,0.8,0.8,900.0,0.01,20
5.54,900.373253217466,211.1419798936194,0.2,0.2,20.249999999999996,0.8,0.8,900.0,0.01,20
5.55,900.3892611083074,210.40090978669807,0.2,0.2,20.249999999999996,0.8,0.8,900.0,0.01,20
5.5600000000000005,900.4094714729646,210.11693228845465,0.2,0.2,20.249999999999996,0.8,0.8,900.0,0.01,20
5.57,900.4317566112095,210.25389898175987,0.2,0.2,20.249999999999996,0.8,0.8,900.0,0.01,20
5.58,900.4544019546266,210.72505430807968,0.2,0.2,20.249999999999996,0.8,0.8,900.0,0.01,20
5.59,900.4756865843358,211.54288471264238,0.2,0.2,20.249999999999996,0.8,0.8,900.0,0.01,20
5.6000000000000005,900.4934180003714,212.79790695713615,0.2,0.2,20.249999999999996,0.8,0.8,900.0,0.01,20
5.61,900.5041005859996,214.56120174277635,0.2,0.2,20.249999999999996,0.8,0.8,900.0,0.01,20
5.62,900.5044035493752,216.63868870242146,0.2,0.2,20.249999999999996,0.8,0.8,900.0,0.01,20
5.63,900.4920834087666,218.61044214118715,0.2,0.2,20.249999999999996,0.8,0.8,900.0,0.01,20
5.64,900.4667102899032,220.03335345956992,0.2,0.2,20.249999999999996,0.8,0.8,900.0,0.01,20
5.65,900.4313141083937,220.47525692639795,0.2,0.2,20.249999999999996,0.8,0.8,900.0,0.01,20
5.66,900.3916078805869,219.81107355733485,0.2,0.2,20.249999999999996,0.8,0.8,900.0,0.01,20
5.67,900.3547403762354,218.14805640650812,0.2,0.2,20.249999999999996,0.8,0.8,900.0,0.01,20
5.68,900.3271502142513,215.91964768645948,0.2,0.2,20.249999999999996,0.8,0.8,900.0,0.01,20
5.69,900.312978932189,213.53500976692138,0.2,0.2,20.249999999999996,0.8,0.8,900.0,0.01,20
5.7,900.3137348903588,211.28708798808168,0.2,0.2,20.249999999999996,0.8,0.8,900.0,0.01,20
5.71,900.3280908997241,209.36587415311294,0.2,0.2,20.249999999999996,0.8,0.8,900.0,0.01,20
5.72,900.3533351662746,207.80646665825918,0.2,0.2,20.249999999999996,0.8,0.8,900.0,0.01,20
5.73,900.3859313611981,206.71674088392808,0.2,0.2,20.249999999999996,0.8,0.8,900.0,0.01,20
5.74,900.4224782544499,206.19448535217023,0.2,0.2,20.249999999999996,0.8,0.8,900.0,0.01,20
5.75,900.4603167597434,206.39284363443642,0.2,0.2,20.249999999999996,0.8,0.8,900.0,0.01,20
5.76,900.4976309389274,207.40042502684196,0.2,0.2,20.249999999999996,0.8,0.8,900.0,0.01,20
5.7700000000000005,900.5330176394456,209.29212745377745,0.2,0.2,20.249999999999996,0.8,0.8,900.0,0.01,20
5.78,900.5650586374804,211.7262515424553,0.2,0.2,20.249999999999996,0.8,0.8,900.0,0.01,20
5.79,900.5919174503857,215.40952702072082,0.2,0.2,20.249999999999996,0.8,0.8,900.0,0.01,20
5.8,900.6105865795251,219.98704742101714,0.2,0.2,20.249999999999996,0.8,0.8,900.0,0.01,20
5.8100000000000005,900.6168942909286,225.29498243786813,0.2,0.2,20.249999999999996,0.8,0.8,900.0,0.01,20
5.82,900.6079767774512,230.62258799567044,0.2,0.2,20.249999999999996,0.8,0.8,900.0,0.01,20
5.83,900.5831026782537,234.9535446439801,0.2,0.2,20.249999999999996,0.8,0.8,900.0,0.01,20
5.84,900.5420976851245,238.32939954620295,0.2,0.2,20.249999999999996,0.8,0.8,900.0,0.01,20
5.8500000000000005,900.4886307617934,239.93772572726277,0.2,0.2,20.249999999999996,0.8,0.8,900.0,0.01,20
5.86,900.4282551401246,239.24646184326923,0.2,0.2,20.249999999999996,0.8,0.8,900.0,0.01,20
5.87,900.3679610168426,236.5423992594639,0.2,0.2,20.249999999999996,0.8,0.8,900.0,0.01,20
5.88,900.3144026357301,232.2878327490387,0.2,0.2,20.249999999999996,0.8,0.8,900.0,0.01,20
5.89,900.2733866267274,227.18158672832246,0.2,0.2,20.249999999999996,0.8,0.8,900.0,0.01,20
5.9,900.2475231833109,222.1371711272958,0.2,0.2,20.249999999999996,0.8,0.8,900.0,0.01,20
5.91,900.2374170013408,217.46553445231143,0.2,0.2,20.249999999999996,0.8,0.8,900.0,0.01,20
5.92,900.2418624845473,213.34608849974828,0.2,0.2,20.249999999999996,0.8,0.8,900.0,0.01,20
5.93,900.2579128546654,209.75310711398285,0.2,0.2,20.249999999999996,0.8,0.8,900.0,0.01,20
5.94,900.281972382719,206.82953675328213,0.2,0.2,20.249999999999996,0.8,0.8,900.0,0.01,20
5.95,900.3098971387412,204.8745109832782,0.2,0.2,20.249999999999996,0.8,0.8,900.0,0.01,20
5.96,900.339657942757,203.71862262143395,0.2,0.2,20.249999999999996,0.8,0.8,900.0,0.01,20
5.97,900.3701228110928,203.34449174792823,0.2,0.2,20.249999999999996,0.8,0.8,900.0,0.01,20
5.98,900.4009496148794,203.76290389698474,0.2,0.2,20.249999999999996,0.8,0.8,900.0,0.01,20
5.99,900.4323673201577,204.9028466800416,0.2,0.2,20.249999999999996,0.8,0.8,900.0,0.01,20
6.0,900.4648330372968,206.35012288150236,0.2,0.2,20.249999999999996,0.8,0.8,900.0,0.01,20
6.01,900.4973462422145,208.44371175077512,0.2,0.2,20.249999999999996,0.8,0.8,900.0,0.01,20
6.0200000000000005,900.5295378334413,210.8637544597998,0.2,0.2,20.249999999999996,0.8,0.8,900.0,0.01,20
6.03,900.5606174936047,213.6079682865944,0.2,0.2,20.249999999999996,0.8,0.8,900.0,0.01,20
6.04,900.5883856062845,216.93477226396183,0.2,0.2,20.249999999999996,0.8,0.8,900.0,0.01,20
6.05,900.6092787011494,220.9689768840496,0.2,0.2,20.249999999999996,0.8,0.8,900.0,0.01,20
6.0600000000000005,900.6184025592864,225.66131465979237,0.2,0.2,20.249999999999996,0.8,0.8,900.0,0.01,20
6.07,900.6108215587785,230.58459297300314,0.2,0.2,20.249999999999996,0.8,0.8,900.0,0.01,20
6.08,900.5830555627332,234.85157645879042,0.2,0.2,20.249999999999996,0.8,0.8,900.0,0.01,20
6.09,900.535940317292,237.3882505626999,0.2,0.2,20.249999999999996,0.8,0.8,900.0,0.01,20
6.1000000000000005,900.4757747313445,237.54695549968466,0.2,0.2,20.249999999999996,0.8,0.8,900.0,0.01,20
6.11,900.4127406318421,235.31175358512965,0.2,0.2,20.249999999999996,0.8,0.8,900.0,0.01,20
6.12,900.3549898956724,231.98248031297206,0.2,0.2,20.249999999999996,0.8,0.8,900.0,0.01,20
6.13,900.3099668924999,227.72728701758598,0.2,0.2,20.249999999999996,0.8,0.8,900.0,0.01,20
6.140000000000001,900.2817049608318,223.21262263472298,0.2,0.2,20.249999999999996,0.8,0.8,900.0,0.01,20
6.15,900.2700230412545,219.13080127600918,0.2,0.2,20.249999999999996,0.8,0.8,900.0,0.01,20
6.16,900.2731874536773,215.50485444082364,0.2,0.2,20.249999999999996,0.8,0.8,900.0,0.01,20
6.17,900.2877771916305,212.40048521786662,0.2,0.2,20.249999999999996,0.8,0.8,900.0,0.01,20
6.18,900.3097415675833,209.8575891208495,0.2,0.2,20.249999999999996,0.8,0.8,900.0,0.01,20
6.19,900.3355168834261,207.9403387521154,0.2,0.2,20.249999999999996,0.8,0.8,900.0,0.01,20
6.2,900.3628384157176,206.7774497873269,0.2,0.2,20.249999999999996,0.8,0.8,900.0,0.01,20
6.21,900.3910020112842,206.4746763317782,0.2,0.2,20.249999999999996,0.8,0.8,900.0,0.01,20
6.22,900.4197327681906,207.12320279363175,0.2,0.2,20.249999999999996,0.8,0.8,900.0,0.01,20
6.23,900.4484212533865,208.71677715517228,0.2,0.2,20.249999999999996,0.8,0.8,900.0,0.01,20
6.24,900.4761604277041,211.0240772763549,0.2,0.2,20.249999999999996,0.8,0.8,900.0,0.01,20
6.25,900.5009921106449,213.7940092123512,0.2,0.2,20.249999999999996,0.8,0.8,900.0,0.01,20
6.26,900.5205396932655,216.46029472771434,0.2,0.2,20.249999999999996,0.8,0.8,900.0,0.01,20
6.2700000000000005,900.5332207808582,219.11142713060107,0.2,0.2,20.249999999999996,0.8,0.8,900.0,0.01,20
6.28,900.5385481580029,221.39839322316436,0.2,0.2,20.249999999999996,0.8,0.8,900.0,0.01,20
6.29,900.5369987605862,223.19429265264944,0.2,0.2,20.249999999999996,0.8,0.8,900.0,0.01,20
6.3,900.5301640946853,224.06126450329035,0.2,0.2,20.249999999999996,0.8,0.8,900.0,0.01,20
6.3100000000000005,900.5184877890183,224.75161504010669,0.2,0.2,20.249999999999996,0.8,0.8,900.0,0.01,20
6.32,900.5043158304942,224.8480681930028,0.2,0.2,20.249999999999996,0.8,0.8,900.0,0.01,20
6.33,900.4882841347173,224.47993001024847,0.2,0.2,20.249999999999996,0.8,0.8,900.0,0.01,20
6.34,900.4708703158482,223.729899742181,0.2,0.2,20.249999999999996,0.8,0.8,900.0,0.01,20
6.3500000000000005,900.4534516103761,222.52276739563428,0.2,0.2,20.249999999999996,0.8,0.8,900.0,0.01,20
6.36,900.4359654904424,221.0892436901138,0.2,0.2,20.249999999999996,0.8,0.8,900.0,0.01,20
6.37,900.4194777405231,219.36571867779776,0.2,0.2,20.249999999999996,0.8,0.8,900.0,0.01,20
6.38,900.405469605996,217.4708975952178,0.2,0.2,20.249999999999996,0.8,0.8,900.0,0.01,20
6.390000000000001,900.3955130453454,215.67075302715898,0.2,0.2,20.249999999999996,0.8,0.8,900.0,0.01,20
6.4,900.3905071068093,214.04418383692646,0.2,0.2,20.249999999999996,0.8,0.8,900.0,0.01,20
6.41,900.3908577607307,212.73976166492687,0.2,0.2,20.249999999999996,0.8,0.8,900.0,0.01,20
6.42,900.396128972571,211.83919209236797,0.2,0.2,20.249999999999996,0.8,0.8,900.0,0.01,20
6.43,900.405396484949,211.397370429848,0.2,0.2,20.249999999999996,0.8,0.8,900.0,0.01,20
6.44,900.4168897356494,211.44485871828232,0.2,0.2,20.249999999999996,0.8,0.8,900.0,0.01,20
6.45,900.4286529888361,211.93470744039928,0.2,0.2,20.249999999999996,0.8,0.8,900.0,0.01,20
6.46,900.4388490805131,212.705822689247,0.2,0.2,20.249999999999996,0.8,0.8,900.0,0.01,20
6.47,900.4453520538557,213.44030682986815,0.2,0.2,20.249999999999996,0.8,0.8,900.0,0.01,20
6.48,900.4476714333625,213.8383909797701,0.2,0.2,20.249999999999996,0.8,0.8,900.0,0.01,20
6.49,900.446632646568,213.78272722469623,0.2,0.2,20.249999999999996,0.8,0.8,900.0,0.01,20
6.5,900.444393500381,213.0633665046019,0.2,0.2,20.249999999999996,0.8,0.8,900.0,0.01,20
6.51,900.4426340981514,212.12049768937476,0.2,0.2,20.249999999999996,0.8,0.8,900.0,0.01,20
6.5200000000000005,900.4412792976975,211.4888780541879,0.2,0.2,20.249999999999996,0.8,0.8,900.0,0.01,20
6.53,900.4405519706027,211.15821312289492,0.2,0.2,20.249999999999996,0.8,0.8,900.0,0.01,20
6.54,900.4401415324314,210.93787177944114,0.2,0.2,20.249999999999996,0.8,0.8,900.0,0.01,20
6.55,900.4394981531684,210.78884512199542,0.2,0.2,20.249999999999996,0.8,0.8,900.0,0.01,20
6.5600000000000005,900.4371068888223,210.91761332115857,0.2,0.2,20.249999999999996,0.8,0.8,900.0,0.01,20
6.57,900.433118288015,211.04359803047416,0.2,0.2,20.249999999999996,0.8,0.8,900.0,0.01,20
6.58,900.4285166639983,210.76693890043254,0.2,0.2,20.249999999999996,0.8,0.8,900.0,0.01,20
6.59,900.4234763584595,210.45520682477402,0.2,0.2,20.249999999999996,0.8,0.8,900.0,0.01,20
6.6000000000000005,900.4192576713732,209.94557683619848,0.2,0.2,20.249999999999996,0.8,0.8,900.0,0.01,20
6.61,900.4175406735803,209.37695278183742,0.2,0.2,20.249999999999996,0.8,0.8,900.0,0.01,20
6.62,900.4191295449715,208.85680483615545,0.2,0.2,20.249999999999996,0.8,0.8,900.0,0.01,20
6.63,900.4240229091836,208.43830953321796,0.2,0.2,20.249999999999996,0.8,0.8,900.0,0.01,20
6.640000000000001,900.4312087169992,208.1449773331282,0.2,0.2,20.249999999999996,0.8,0.8,900.0,0.01,20
6.65,900.4393153467685,207.9826218849938,0.2,0.2,20.249999999999996,0.8,0.8,900.0,0.01,20
6.66,900.4474491933739,207.81039510209146,0.2,0.2,20.249999999999996,0.8,0.8,900.0,0.01,20
6.67,900.4536039565602,208.0751099134278,0.2,0.2,20.249999999999996,0.8,0.8,900.0,0.01,20
6.68,900.4587024062388,207.89764800952432,0.2,0.2,20.249999999999996,0.8,0.8,900.0,0.01,20
6.69,900.4617782526344,207.72593124055592,0.2,0.2,20.249999999999996,0.8,0.8,900.0,0.01,20
6.7,900.4605994170126,208.3796383856002,0.2,0.2,20.249999999999996,0.8,0.8,900.0,0.01,20
6.71,900.4549783260575,209.31226296680603,0.2,0.2,20.249999999999996,0.8,0.8,900.0,0.01,20
6.72,900.4447790699588,210.1436758010534,0.2,0.2,20.249999999999996,0.8,0.8,900.0,0.01,20
6.73,900.431035967119,210.87070729435308,0.2,0.2,20.249999999999996,0.8,0.8,900.0,0.01,20
6.74,900.4149415986692,211.20053032297915,0.2,0.2,20.249999999999996,0.8,0.8,900.0,0.01,20
6.75,900.3989560106677,211.02160797011624,0.2,0.2,20.249999999999996,0.8,0.8,900.0,0.01,20
6.76,900.3855568620489,210.37969659092056,0.2,0.2,20.249999999999996,0.8,0.8,900.0,0.01,20
6.7700000000000005,900.3771567360853,209.45721791314523,0.2,0.2,20.249999999999996,0.8,0.8,900.0,0.01,20
6.78,900.3750268036894,208.38502059507573,0.2,0.2,20.249999999999996,0.8,0.8,900.0,0.01,20
6.79,900.3793094234104,207.2787564518729,0.2,0.2,20.249999999999996,0.8,0.8,900.0,0.01,20
6.8,900.3889922725432,206.26090642055297,0.2,0.2,20.249999999999996,0.8,0.8,900.0,0.01,20
6.8100000000000005,900.4022953657429,205.47443147250053,0.2,0.2,20.249999999999996,0.8,0.8,900.0,0.01,20
6.82,900.4178071134021,204.95437645180428,0.2,0.2,20.249999999999996,0.8,0.8,900.0,0.01,20
6.83,900.4333997220249,204.959145315286,0.2,0.2,20.249999999999996,0.8,0.8,900.0,0.01,20
6.84,900.4472728933666,205.56515737296948,0.2,0.2,20.249999999999996,0.8,0.8,900.0,0.01,20
6.8500000000000005,900.4585106934892,206.65525708340184,0.2,0.2,20.249999999999996,0.8,0.8,900.0,0.01,20
6.86,900.4662875497162,208.0804387279509,0.2,0.2,20.249999999999996,0.8,0.8,900.0,0.01,20
6.87,900.4699499903313,209.68612748116738,0.2,0.2,20.249999999999996,0.8,0.8,900.0,0.01,20
6.88,900.4701101356934,211.14452187325827,0.2,0.2,20.249999999999996,0.8,0.8,900.0,0.01,20
6.890000000000001,900.4664200582481,212.36135133219295,0.2,0.2,20.249999999999996,0.8,0.8,900.0,0.01,20
6.9,900.4601283296646,213.25245956249248,0.2,0.2,20.249999999999996,0.8,0.8,900.0,0.01,20
6.91,900.4517976985284,213.85947782346196,0.2,0.2,20.249999999999996,0.8,0.8,900.0,0.01,20
6.92,900.442362112379,214.05722101310496,0.2,0.2,20.249999999999996,0.8,0.8,900.0,0.01,20
6.93,900.4324682744291,213.92520026995027,0.2,0.2,20.249999999999996,0.8,0.8,900.0,0.01,20
6.94,900.4226273054836,213.38198694743832,0.2,0.2,20.249999999999996,0.8,0.8,900.0,0.01,20
6.95,900.4141003197982,212.0537845016943,0.2,0.2,20.249999999999996,0.8,0.8,900.0,0.01,20
6.96,900.4088336653581,210.47704318422882,0.2,0.2,20.249999999999996,0.8,0.8,900.0,0.01,20
6.97,900.4077397507781,209.01397783688412,0.2,0.2,20.249999999999996,0.8,0.8,900.0,0.01,20
6.98,900.411892395946,207.68246768680703,0.2,0.2,20.249999999999996,0.8,0.8,900.0,0.01,20
6.99,900.4213549422262,206.53878262634203,0.2,0.2,20.249999999999996,0.8,0.8,900.0,0.01,20
7.0,900.4351786733306,205.75132801638074,0.2,0.2,20.249999999999996,0.8,0.8,900.0,0.01,20
7.01,900.4524422940683,205.26301327669984,0.2,0.2,20.249999999999996,0.8,0.8,900.0,0.01,20
7.0200000000000005,900.4707344251698,205.5206980030696,0.2,0.2,20.249999999999996,0.8,0.8,900.0,0.01,20
7.03,900.4883924905857,206.43972847155104,0.2,0.2,20.249999999999996,0.8,0.8,900.0,0.01,20
7.04,900.503256159563,207.98758198614087,0.2,0.2,20.249999999999996,0.8,0.8,900.0,0.01,20
7.05,900.5129637797659,209.99759426246234,0.2,0.2,20.249999999999996,0.8,0.8,900.0,0.01,20
7.0600000000000005,900.51498819593,212.2990837112233,0.2,0.2,20.249999999999996,0.8,0.8,900.0,0.01,20
7.07,900.5069550112933,214.6180819383915,0.2,0.2,20.249999999999996,0.8,0.8,900.0,0.01,20
7.08,900.487616503566,216.60008408172547,0.2,0.2,20.249999999999996,0.8,0.8,900.0,0.01,20
7.09,900.4570830547954,217.81613890932687,0.2,0.2,20.249999999999996,0.8,0.8,900.0,0.01,20
7.1000000000000005,900.4191719776347,217.6401257736047,0.2,0.2,20.249999999999996,0.8,0.8,900.0,0.01,20
7.11,900.3794880725819,216.0338788147117,0.2,0.2,20.249999999999996,0.8,0.8,900.0,0.01,20
7.12,900.3437857636618,213.55747834746757,0.2,0.2,20.249999999999996,0.8,0.8,900.0,0.01,20
7.13,900.3174376677299,210.58670002458732,0.2,0.2,20.249999999999996,0.8,0.8,900.0,0.01,20
7.140000000000001,900.3049102082972,207.59672139127537,0.2,0.2,20.249999999999996,0.8,0.8,900.0,0.01,20
7.15,900.306790054143,205.05289605234375,0.2,0.2,20.249999999999996,0.8,0.8,900.0,0.01,20
7.16,900.322050389658,203.08509271854234,0.2,0.2,20.249999999999996,0.8,0.8,900.0,0.01,20
7.17,900.3479751154288,201.8311280373937,0.2,0.2,20.249999999999996,0.8,0.8,900.0,0.01,20
7.18,900.3808155306717,201.0989299996042,0.2,0.2,20.249999999999996,0.8,0.8,900.0,0.01,20
7.19,900.4168534314358,201.45460067302952,0.2,0.2,20.249999999999996,0.8,0.8,900.0,0.01,20
7.2,900.4544576958373,202.38836136406047,0.2,0.2,20.249999999999996,0.8,0.8,900.0,0.01,20
7.21,900.4897694065289,204.61566522017873,0.2,0.2,20.249999999999996,0.8,0.8,900.0,0.01,20
7.22,900.5214042021148,207.82375779859285,0.2,0.2,20.249999999999996,0.8,0.8,900.0,0.01,20
7.23,900.5477485368297,211.80998537592072,0.2,0.2,20.249999999999996,0.8,0.8,900.0,0.01,20
7.24,900.5658652964554,216.3849218018561,0.2,0.2,20.249999999999996,0.8,0.8,900.0,0.01,20
7.25,900.5724239588657,220.95301387693718,0.2,0.2,20.249999999999996,0.8,0.8,900.0,0.01,20
7.26,900.5631172961606,225.21298916487592,0.2,0.2,20.249999999999996,0.8,0.8,900.0,0.01,20
7.2700000000000005,900.5367484366222,228.4320278827277,0.2,0.2,20.249999999999996,0.8,0.8,900.0,0.01,20
7.28,900.4962881153425,229.86413778376746,0.2,0.2,20.249999999999996,0.8,0.8,900.0,0.01,20
7.29,900.446887188827,229.43034247380047,0.2,0.2,20.249999999999996,0.8,0.8,900.0,0.01,20
7.3,900.3955130331217,227.7953618190183,0.2,0.2,20.249999999999996,0.8,0.8,900.0,0.01,20
7.3100000000000005,900.3498883618149,224.95485263859905,0.2,0.2,20.249999999999996,0.8,0.8,900.0,0.01,20
7.32,900.315830003165,221.56984761794115,0.2,0.2,20.249999999999996,0.8,0.8,900.0,0.01,20
7.33,900.2970402950039,218.01298694983788,0.2,0.2,20.249999999999996,0.8,0.8,900.0,0.01,20
7.34,900.2947956342762,214.56886723503567,0.2,0.2,20.249999999999996,0.8,0.8,900.0,0.01,20
7.3500000000000005,900.3083593956366,211.41640476170244,0.2,0.2,20.249999999999996,0.8,0.8,900.0,0.01,20
7.36,900.3345153313305,208.5946729382989,0.2,0.2,20.249999999999996,0.8,0.8,900.0,0.01,20
7.37,900.368774189018,206.31385868431215,0.2,0.2,20.249999999999996,0.8,0.8,900.0,0.01,20
7.38,900.4064717388508,204.7302574877469,0.2,0.2,20.249999999999996,0.8,0.8,900.0,0.01,20
7.390000000000001,900.4438674506238,204.10573135781434,0.2,0.2,20.249999999999996,0.8,0.8,900.0,0.01,20
7.4,900.4778676371094,204.5525430024052,0.2,0.2,20.249999999999996,0.8,0.8,900.0,0.01,20
7.41,900.5062241739871,206.22474364127515,0.2,0.2,20.249999999999996,0.8,0.8,900.0,0.01,20
7.42,900.5271937208842,208.9421769186432,0.2,0.2,20.249999999999996,0.8,0.8,900.0,0.01,20
7.43,900.5393695077504,212.2330848782863,0.2,0.2,20.249999999999996,0.8,0.8,900.0,0.01,20
7.44,900.5419842703427,215.68352586928114,0.2,0.2,20.249999999999996,0.8,0.8,900.0,0.01,20
7.45,900.5351793193034,218.83403500422227,0.2,0.2,20.249999999999996,0.8,0.8,900.0,0.01,20
7.46,900.5203580791364,221.4620303066521,0.2,0.2,20.249999999999996,0.8,0.8,900.0,0.01,20
7.47,900.5004670835265,223.4021742340256,0.2,0.2,20.249999999999996,0.8,0.8,900.0,0.01,20
7.48,900.4799042113513,224.27096262384666,0.2,0.2,20.249999999999996,0.8,0.8,900.0,0.01,20
7.49,900.4613898555086,224.75630962770995,0.2,0.2,20.249999999999996,0.8,0.8,900.0,0.01,20
7.5,900.4471718467989,224.86312948621477,0.2,0.2,20.249999999999996,0.8,0.8,900.0,0.01,20
7.51,900.4372250464103,224.70471760575222,0.2,0.2,20.249999999999996,0.8,0.8,900.0,0.01,20
7.5200000000000005,900.4297796804067,224.2916051587105,0.2,0.2,20.249999999999996,0.8,0.8,900.0,0.01,20
7.53,900.4220062649988,223.68125018180658,0.2,0.2,20.249999999999996,0.8,0.8,900.0,0.01,20
7.54,900.4120430674835,222.5262812052649,0.2,0.2,20.249999999999996,0.8,0.8,900.0,0.01,20
7.55,900.3986864092565,221.25877419872077,0.2,0.2,20.249999999999996,0.8,0.8,900.0,0.01,20
7.5600000000000005,900.3817494233965,219.93016873886853,0.2,0.2,20.249999999999996,0.8,0.8,900.0,0.01,20
7.57,900.3644148169444,218.28895041041568,0.2,0.2,20.249999999999996,0.8,0.8,900.0,0.01,20
7.58,900.3506581564899,216.22134407375495,0.2,0.2,20.249999999999996,0.8,0.8,900.0,0.01,20
7.59,900.3418552054142,214.30151458970647,0.2,0.2,20.249999999999996,0.8,0.8,900.0,0.01,20
7.6000000000000005,900.3411109275161,212.337387791279,0.2,0.2,20.249999999999996,0.8,0.8,900.0,0.01,20
7.61,900.3484737009659,210.83188475692765,0.2,0.2,20.249999999999996,0.8,0.8,900.0,0.01,20
7.62,900.3636328210248,209.63078040301002,0.2,0.2,20.249999999999996,0.8,0.8,900.0,0.01,20
7.63,900.3854932337879,208.77930648862352,0.2,0.2,20.249999999999996,0.8,0.8,900.0,0.01,20
7.640000000000001,900.4121355204868,208.32061522045473,0.2,0.2,20.249999999999996,0.8,0.8,900.0,0.01,20
7.65,900.4413166985861,208.3549034454368,0.2,0.2,20.249999999999996,0.8,0.8,900.0,0.01,20
7.66,900.4692261689934,209.04425728475985,0.2,0.2,20.249999999999996,0.8,0.8,900.0,0.01,20
7.67,900.4946729416416,210.20929814804026,0.2,0.2,20.249999999999996,0.8,0.8,900.0,0.01,20
7.68,900.515143353241,212.17709422480735,0.2,0.2,20.249999999999996,0.8,0.8,900.0,0.01,20
7.69,900.5294990633881,214.91798501177263,0.2,0.2,20.249999999999996,0.8,0.8,900.0,0.01,20
7.7,900.5371177851823,217.89118574788637,0.2,0.2,20.249999999999996,0.8,0.8,900.0,0.01,20
7.71,900.537111923653,220.74245919308825,0.2,0.2,20.249999999999996,0.8,0.8,900.0,0.01,20
7.72,900.5290805700163,223.4593683542893,0.2,0.2,20.249999999999996,0.8,0.8,900.0,0.01,20
7.73,900.5117027182686,225.5413164596267,0.2,0.2,20.249999999999996,0.8,0.8,900.0,0.01,20
7.74,900.4847124756836,226.4206232695311,0.2,0.2,20.249999999999996,0.8,0.8,900.0,0.01,20
7.75,900.450704202237,225.55373421517206,0.2,0.2,20.249999999999996,0.8,0.8,900.0,0.01,20
7.76,900.4135252559503,223.27191783668778,0.2,0.2,20.249999999999996,0.8,0.8,900.0,0.01,20
7.7700000000000005,900.3789252970372,220.0202340488879,0.2,0.2,20.249999999999996,0.8,0.8,900.0,0.01,20
7.78,900.3525282116993,216.61684981455514,0.2,0.2,20.249999999999996,0.8,0.8,900.0,0.01,20
7.79,900.337774774931,213.67586161712217,0.2,0.2,20.249999999999996,0.8,0.8,900.0,0.01,20
7.8,900.3355844336229,211.37882479191967,0.2,0.2,20.249999999999996,0.8,0.8,900.0,0.01,20
7.8100000000000005,900.3448262098326,209.71820613402735,0.2,0.2,20.249999999999996,0.8,0.8,900.0,0.01,20
7.82,900.3628982547126,208.62497050246125,0.2,0.2,20.249999999999996,0.8,0.8,900.0,0.01,20
7.83,900.3863530329272,208.08061071116597,0.2,0.2,20.249999999999996,0.8,0.8,900.0,0.01,20
7.84,900.411748061095,208.10237647499787,0.2,0.2,20.249999999999996,0.8,0.8,900.0,0.01,20
7.8500000000000005,900.4362189731706,208.68350091734283,0.2,0.2,20.249999999999996,0.8,0.8,900.0,0.01,20
7.86,900.4570098447562,209.7860921656666,0.2,0.2,20.249999999999996,0.8,0.8,900.0,0.01,20
7.87,900.4728992747674,211.27398531570282,0.2,0.2,20.249999999999996,0.8,0.8,900.0,0.01,20
7.88,900.4833375446424,212.96736284909704,0.2,0.2,20.249999999999996,0.8,0.8,900.0,0.01,20
7.890000000000001,900.4886893733833,214.63439394594036,0.2,0.2,20.249999999999996,0.8,0.8,900.0,0.01,20
7.9,900.4902710625003,216.09273514064822,0.2,0.2,20.249999999999996,0.8,0.8,900.0,0.01,20
7.91,900.4899149955434,217.23902772406137,0.2,0.2,20.249999999999996,0.8,0.8,900.0,0.01,20
7.92,900.4891336710401,218.1164382905522,0.2,0.2,20.249999999999996,0.8,0.8,900.0,0.01,20
7.930000000000001,900.4884026309321,218.77532646764396,0.2,0.2,20.249999999999996,0.8,0.8,900.0,0.01,20
7.94,900.4873516003588,219.21114197118945,0.2,0.2,20.249999999999996,0.8,0.8,900.0,0.01,20
7.95,900.4846245698403,219.4630215383465,0.2,0.2,20.249999999999996,0.8,0.8,900.0,0.01,20
7.96,900.4784840778492,219.58287077207083,0.2,0.2,20.249999999999996,0.8,0.8,900.0,0.01,20
7.97,900.4678271096681,219.51622209557138,0.2,0.2,20.249999999999996,0.8,0.8,900.0,0.01,20
7.98,900.452442866544,219.32993307750348,0.2,0.2,20.249999999999996,0.8,0.8,900.0,0.01,20
7.99,900.4336231391826,218.97821859162363,0.2,0.2,20.249999999999996,0.8,0.8,900.0,0.01,20
8.0,900.4137745176416,218.38918870645728,0.2,0.2,20.249999999999996,0.8,0.8,900.0,0.01,20
8.01,900.3955820391307,217.54845477954103,0.2,0.2,20.249999999999996,0.8,0.8,900.0,0.01,20
8.02,900.3823155239194,216.2279337727194,0.2,0.2,20.249999999999996,0.8,0.8,900.0,0.01,20
8.03,900.3739939295602,215.0843336271294,0.2,0.2,20.249999999999996,0.8,0.8,900.0,0.01,20
8.040000000000001,900.3710186582066,213.93119597889165,0.2,0.2,20.249999999999996,0.8,0.8,900.0,0.01,20
8.05,900.3722630837165,212.67374384444275,0.2,0.2,20.249999999999996,0.8,0.8,900.0,0.01,20
8.06,900.375644547313,211.48529920731656,0.2,0.2,20.249999999999996,0.8,0.8,900.0,0.01,20
8.07,900.3791644220178,210.29196730891758,0.2,0.2,20.249999999999996,0.8,0.8,900.0,0.01,20
8.08,900.3824176986229,208.8128359565903,0.2,0.2,20.249999999999996,0.8,0.8,900.0,0.01,20
8.09,900.3845182964183,207.6904705094053,0.2,0.2,20.249999999999996,0.8,0.8,900.0,0.01,20
8.1,900.3862764237556,206.74597454326417,0.2,0.2,20.249999999999996,0.8,0.8,900.0,0.01,20
8.11,900.3896630480883,206.0853802643466,0.2,0.2,20.249999999999996,0.8,0.8,900.0,0.01,20
8.120000000000001,900.3961259153973,205.7392121141895,0.2,0.2,20.249999999999996,0.8,0.8,900.0,0.01,20
8.13,900.4062361835721,205.75918275182164,0.2,0.2,20.249999999999996,0.8,0.8,900.0,0.01,20
8.14,900.4192457435439,206.16247945096757,0.2,0.2,20.249999999999996,0.8,0.8,900.0,0.01,20
8.15,900.434073653412,206.76784951563863,0.2,0.2,20.249999999999996,0.8,0.8,900.0,0.01,20
8.16,900.4496007035641,207.7223136838063,0.2,0.2,20.249999999999996,0.8,0.8,900.0,0.01,20
8.17,900.4631359572343,209.03718928770377,0.2,0.2,20.249999999999996,0.8,0.8,900.0,0.01,20
8.18,900.4748521902096,210.1197494288327,0.2,0.2,20.249999999999996,0.8,0.8,900.0,0.01,20
8.19,900.4846250002322,211.31157947140696,0.2,0.2,20.249999999999996,0.8,0.8,900.0,0.01,20
8.2,900.4904078653537,212.73258676424655,0.2,0.2,20.249999999999996,0.8,0.8,900.0,0.01,20
8.21,900.4932475462202,213.7907206826919,0.2,0.2,20.249999999999996,0.8,0.8,900.0,0.01,20
8.22,900.4928043513124,214.72486554777058,0.2,0.2,20.249999999999996,0.8,0.8,900.0,0.01,20
8.23,900.4880831469496,215.51089643177514,0.2,0.2,20.249999999999996,0.8,0.8,900.0,0.01,20
8.24,900.4811726499369,215.71383180903604,0.2,0.2,20.249999999999996,0.8,0.8,900.0,0.01,20
8.25,900.4711815744582,215.95590876226612,0.2,0.2,20.249999999999996,0.8,0.8,900.0,0.01,20
8.26,900.4601784938454,215.6594103135604,0.2,0.2,20.249999999999996,0.8,0.8,900.0,0.01,20
8.27,900.4501232920934,215.09659684592302,0.2,0.2,20.249999999999996,0.8,0.8,900.0,0.01,20
8.28,900.4420462149138,214.45801544417034,0.2,0.2,20.249999999999996,0.8,0.8,900.0,0.01,20
8.290000000000001,900.4353376851911,213.75066823297263,0.2,0.2,20.249999999999996,0.8,0.8,900.0,0.01,20
8.3,900.4296777706752,213.0221780141593,0.2,0.2,20.249999999999996,0.8,0.8,900.0,0.01,20
8.31,900.4247075752543,212.23845556710222,0.2,0.2,20.249999999999996,0.8,0.8,900.0,0.01,20
8.32,900.4191966396148,211.54482966533743,0.2,0.2,20.249999999999996,0.8,0.8,900.0,0.01,20
8.33,900.413307668717,211.09486046088995,0.2,0.2,20.249999999999996,0.8,0.8,900.0,0.01,20
8.34,900.4068357455136,210.80701469383737,0.2,0.2,20.249999999999996,0.8,0.8,900.0,0.01,20
8.35,900.4000545035827,210.61376543111174,0.2,0.2,20.249999999999996,0.8,0.8,900.0,0.01,20
8.36,900.3945382853982,210.5187261682407,0.2,0.2,20.249999999999996,0.8,0.8,900.0,0.01,20
8.370000000000001,900.3919504691141,210.44334414960005,0.2,0.2,20.249999999999996,0.8,0.8,900.0,0.01,20
8.38,900.3934871189425,210.29254538108458,0.2,0.2,20.249999999999996,0.8,0.8,900.0,0.01,20
8.39,900.3996879765677,210.09228453824332,0.2,0.2,20.249999999999996,0.8,0.8,900.0,0.01,20
8.4,900.4101917498152,209.8869883747389,0.2,0.2,20.249999999999996,0.8,0.8,900.0,0.01,20
8.41,900.42420349039,209.4882129261534,0.2,0.2,20.249999999999996,0.8,0.8,900.0,0.01,20
8.42,900.4387830092749,209.46408250927914,0.2,0.2,20.249999999999996,0.8,0.8,900.0,0.01,20
8.43,900.4521745101648,209.75572184133372,0.2,0.2,20.249999999999996,0.8,0.8,900.0,0.01,20
8.44,900.4626091987624,210.34183276033946,0.2,0.2,20.249999999999996,0.8,0.8,900.0,0.01,20
8.45,900.4693630126234,211.06929659720234,0.2,0.2,20.249999999999996,0.8,0.8,900.0,0.01,20
8.46,900.4727936420501,211.63545494101558,0.2,0.2,20.249999999999996,0.8,0.8,900.0,0.01,20
8.47,900.4725814907368,212.41329075219863,0.2,0.2,20.249999999999996,0.8,0.8,900.0,0.01,20
8.48,900.4699801496208,213.16253991087393,0.2,0.2,20.249999999999996,0.8,0.8,900.0,0.01,20
8.49,900.4664007785822,213.86827903913354,0.2,0.2,20.249999999999996,0.8,0.8,900.0,0.01,20
8.5,900.4622158593121,214.51141603255198,0.2,0.2,20.249999999999996,0.8,0.8,900.0,0.01,20
8.51,900.4577275903965,215.01819841057804,0.2,0.2,20.249999999999996,0.8,0.8,900.0,0.01,20
8.52,900.4527958685708,215.39496978595943,0.2,0.2,20.249999999999996,0.8,0.8,900.0,0.01,20
8.53,900.4476554332898,215.49209607742787,0.2,0.2,20.249999999999996,0.8,0.8,900.0,0.01,20
8.540000000000001,900.4432909436766,215.07196398884398,0.2,0.2,20.249999999999996,0.8,0.8,900.0,0.01,20
8.55,900.4403661210787,214.409430362526,0.2,0.2,20.249999999999996,0.8,0.8,900.0,0.01,20
8.56,900.4406313805108,213.4737767902312,0.2,0.2,20.249999999999996,0.8,0.8,900.0,0.01,20
8.57,900.445231141113,212.4655817204257,0.2,0.2,20.249999999999996,0.8,0.8,900.0,0.01,20
8.58,900.453848757851,211.7085327232118,0.2,0.2,20.249999999999996,0.8,0.8,900.0,0.01,20
8.59,900.465089489414,211.42642417023254,0.2,0.2,20.249999999999996,0.8,0.8,900.0,0.01,20
8.6,900.4762529572971,211.76474194333508,0.2,0.2,20.249999999999996,0.8,0.8,900.0,0.01,20
8.61,900.4837798564558,212.7210582967169,0.2,0.2,20.249999999999996,0.8,0.8,900.0,0.01,20
8.620000000000001,900.4843808080458,214.0331790411576,0.2,0.2,20.249999999999996,0.8,0.8,900.0,0.01,20
8.63,900.4758972052452,215.19601835648564,0.2,0.2,20.249999999999996,0.8,0.8,900.0,0.01,20
8.64,900.4591822388559,215.71106070897525,0.2,0.2,20.249999999999996,0.8,0.8,900.0,0.01,20
8.65,900.4376656023734,215.58477735399524,0.2,0.2,20.249999999999996,0.8,0.8,900.0,0.01,20
8.66,900.4165126076755,214.9817525929271,0.2,0.2,20.249999999999996,0.8,0.8,900.0,0.01,20
8.67,900.3983175722706,214.24352895430053,0.2,0.2,20.249999999999996,0.8,0.8,900.0,0.01,20
8.68,900.3858204012741,213.06670140922625,0.2,0.2,20.249999999999996,0.8,0.8,900.0,0.01,20
8.69,900.3783551384806,212.1570210846989,0.2,0.2,20.249999999999996,0.8,0.8,900.0,0.01,20
8.700000000000001,900.3753127410756,211.17290450592174,0.2,0.2,20.249999999999996,0.8,0.8,900.0,0.01,20
8.71,900.3754266260651,210.07659506925552,0.2,0.2,20.249999999999996,0.8,0.8,900.0,0.01,20
8.72,900.3771964915286,208.71283842762958,0.2,0.2,20.249999999999996,0.8,0.8,900.0,0.01,20
8.73,900.3792320558645,207.26398482439703,0.2,0.2,20.249999999999996,0.8,0.8,900.0,0.01,20
8.74,900.380441921135,205.88093248229887,0.2,0.2,20.249999999999996,0.8,0.8,900.0,0.01,20
8.75,900.3816901769063,204.76387182304916,0.2,0.2,20.249999999999996,0.8,0.8,900.0,0.01,20
8.76,900.3830279368318,204.05772495219497,0.2,0.2,20.249999999999996,0.8,0.8,900.0,0.01,20
8.77,900.3850581593182,203.4242105298157,0.2,0.2,20.249999999999996,0.8,0.8,900.0,0.01,20
8.78,900.386615567561,203.4509734946949,0.2,0.2,20.249999999999996,0.8,0.8,900.0,0.01,20
8.790000000000001,900.3872386253478,203.58481432635173,0.2,0.2,20.249999999999996,0.8,0.8,900.0,0.01,20
8.8,900.3883935122716,203.69683595171247,0.2,0.2,20.249999999999996,0.8,0.8,900.0,0.01,20
8.81,900.3925254025033,203.24273712151822,0.2,0.2,20.249999999999996,0.8,0.8,900.0,0.01,20
8.82,900.3998120974494,203.18823342121,0.2,0.2,20.249999999999996,0.8,0.8,900.0,0.01,20
8.83,900.4115145978966,203.0915523936449,0.2,0.2,20.249999999999996,0.8,0.8,900.0,0.01,20
8.84,900.4275177659667,203.0117590682533,0.2,0.2,20.249999999999996,0.8,0.8,900.0,0.01,20
8.85,900.4462728909799,203.17743404924857,0.2,0.2,20.249999999999996,0.8,0.8,900.0,0.01,20
8.86,900.4664446493274,203.5816076505017,0.2,0.2,20.249999999999996,0.8,0.8,900.0,0.01,20
8.870000000000001,900.4857079138272,204.28304773252478,0.2,0.2,20.249999999999996,0.8,0.8,900.0,0.01,20
8.88,900.5018648302863,205.36381417603013,0.2,0.2,20.249999999999996,0.8,0.8,900.0,0.01,20
8.89,900.513717931991,206.83124882385408,0.2,0.2,20.249999999999996,0.8,0.8,900.0,0.01,20
8.9,900.5205736321635,208.53523080580948,0.2,0.2,20.249999999999996,0.8,0.8,900.0,0.01,20
8.91,900.5228284930553,210.38218502773964,0.2,0.2,20.249999999999996,0.8,0.8,900.0,0.01,20
8.92,900.5208902776454,212.1995892156963,0.2,0.2,20.249999999999996,0.8,0.8,900.0,0.01,20
8.93,900.515836051421,213.45547070399323,0.2,0.2,20.249999999999996,0.8,0.8,900.0,0.01,20
8.94,900.5075197439645,214.6396670553078,0.2,0.2,20.249999999999996,0.8,0.8,900.0,0.01,20
8.950000000000001,900.4969068640306,215.46553883036987,0.2,0.2,20.249999999999996,0.8,0.8,900.0,0.01,20
8.96,900.4843411928103,215.9723330313085,0.2,0.2,20.249999999999996,0.8,0.8,900.0,0.01,20
8.97,900.4704037335313,216.15322137293893,0.2,0.2,20.249999999999996,0.8,0.8,900.0,0.01,20
8.98,900.4557462205047,216.0593090861798,0.2,0.2,20.249999999999996,0.8,0.8,900.0,0.01,20
8.99,900.4414703937515,215.82579229510915,0.2,0.2,20.249999999999996,0.8,0.8,900.0,0.01,20
9.0,900.4290107029985,215.34992927111756,0.2,0.2,20.249999999999996,0.8,0.8,900.0,0.01,20
9.01,900.419261277541,214.81238531720922,0.2,0.2,20.249999999999996,0.8,0.8,900.0,0.01,20
9.02,900.412590741885,214.26178380263832,0.2,0.2,20.249999999999996,0.8,0.8,900.0,0.01,20
9.03,900.4091776698626,213.6630466972395,0.2,0.2,20.249999999999996,0.8,0.8,900.0,0.01,20
9.040000000000001,900.4082946484166,212.95930630531524,0.2,0.2,20.249999999999996,0.8,0.8,900.0,0.01,20
9.05,900.4091586256819,212.1429765896602,0.2,0.2,20.249999999999996,0.8,0.8,900.0,0.01,20
9.06,900.4105792933805,211.26800213067537,0.2,0.2,20.249999999999996,0.8,0.8,900.0,0.01,20
9.07,900.411712109969,210.36030731989163,0.2,0.2,20.249999999999996,0.8,0.8,900.0,0.01,20
9.08,900.4116470711514,209.52148437543866,0.2,0.2,20.249999999999996,0.8,0.8,900.0,0.01,20
9.09,900.4097382239027,208.78256936611757,0.2,0.2,20.249999999999996,0.8,0.8,900.0,0.01,20
9.1,900.4059088169095,208.0857630520368,0.2,0.2,20.249999999999996,0.8,0.8,900.0,0.01,20
9.11,900.4001569380895,207.45242017089757,0.2,0.2,20.249999999999996,0.8,0.8,900.0,0.01,20
9.120000000000001,900.393262822696,206.70222460781955,0.2,0.2,20.249999999999996,0.8,0.8,900.0,0.01,20
9.13,900.3866946105171,205.77752958596005,0.2,0.2,20.249999999999996,0.8,0.8,900.0,0.01,20
9.14,900.3820670472865,204.65653876591205,0.2,0.2,20.249999999999996,0.8,0.8,900.0,0.01,20
9.15,900.3809573258745,203.34522389773431,0.2,0.2,20.249999999999996,0.8,0.8,900.0,0.01,20
9.16,900.385058527081,202.0153472828483,0.2,0.2,20.249999999999996,0.8,0.8,900.0,0.01,20
9.17,900.3938361616223,200.82701001084803,0.2,0.2,20.249999999999996,0.8,0.8,900.0,0.01,20
9.18,900.4069284285522,199.94099519076929,0.2,0.2,20.249999999999996,0.8,0.8,900.0,0.01,20
9.19,900.4226428722734,199.58642979121413,0.2,0.2,20.249999999999996,0.8,0.8,900.0,0.01,20
9.200000000000001,900.4391608517215,199.70228784159906,0.2,0.2,20.249999999999996,0.8,0.8,900.0,0.01,20
9.21,900.4546239590487,200.41479794270856,0.2,0.2,20.249999999999996,0.8,0.8,900.0,0.01,20
9.22,900.4676605556002,201.54715813243433,0.2,0.2,20.249999999999996,0.8,0.8,900.0,0.01,20
9.23,900.4767608087122,203.07884105937705,0.2,0.2,20.249999999999996,0.8,0.8,900.0,0.01,20
9.24,900.4806986960832,204.8780034019553,0.2,0.2,20.249999999999996,0.8,0.8,900.0,0.01,20
9.25,900.4799761067665,206.73633669655558,0.2,0.2,20.249999999999996,0.8,0.8,900.0,0.01,20
9.26,900.4760091696925,208.46968128372131,0.2,0.2,20.249999999999996,0.8,0.8,900.0,0.01,20
9.27,900.470794774135,209.9309543323872,0.2,0.2,20.249999999999996,0.8,0.8,900.0,0.01,20
9.28,900.4663593729367,210.96298531192457,0.2,0.2,20.249999999999996,0.8,0.8,900.0,0.01,20
9.290000000000001,900.4644517139236,211.82324146148332,0.2,0.2,20.249999999999996,0.8,0.8,900.0,0.01,20
9.3,900.4655270724173,212.42424819400645,0.2,0.2,20.249999999999996,0.8,0.8,900.0,0.01,20
9.31,900.4686100836095,212.7781210927885,0.2,0.2,20.249999999999996,0.8,0.8,900.0,0.01,20
9.32,900.4718446574146,212.93577297137202,0.2,0.2,20.249999999999996,0.8,0.8,900.0,0.01,20
9.33,900.4729837100198,212.92627869918346,0.2,0.2,20.249999999999996,0.8,0.8,900.0,0.01,20
9.34,900.4700988953467,212.7680384078723,0.2,0.2,20.249999999999996,0.8,0.8,900.0,0.01,20
9.35,900.4624064078088,212.4381347549148,0.2,0.2,20.249999999999996,0.8,0.8,900.0,0.01,20
9.36,900.4507666125845,211.6761282871547,0.2,0.2,20.249999999999996,0.8,0.8,900.0,0.01,20
9.370000000000001,900.4353598951413,210.8750154246481,0.2,0.2,20.249999999999996,0.8,0.8,900.0,0.01,20
9.38,900.4182036108695,209.83751601855346,0.2,0.2,20.249999999999996,0.8,0.8,900.0,0.01,20
9.39,900.4029475220168,208.2435419832355,0.2,0.2,20.249999999999996,0.8,0.8,900.0,0.01,20
9.4,900.3885902122993,206.92358866297377,0.2,0.2,20.249999999999996,0.8,0.8,900.0,0.01,20
9.41,900.3768793646747,205.44893086990962,0.2,0.2,20.249999999999996,0.8,0.8,900.0,0.01,20
9.42,900.3687942951503,203.94410240342177,0.2,0.2,20.249999999999996,0.8,0.8,900.0,0.01,20
9.43,900.3645628461759,202.51930546423452,0.2,0.2,20.249999999999996,0.8,0.8,900.0,0.01,20
9.44,900.3642966331101,201.26707690241352,0.2,0.2,20.249999999999996,0.8,0.8,900.0,0.01,20
9.450000000000001,900.3680729270583,200.24855564510528,0.2,0.2,20.249999999999996,0.8,0.8,900.0,0.01,20
9.46,900.3754260390047,199.53417875000136,0.2,0.2,20.249999999999996,0.8,0.8,900.0,0.01,20
9.47,900.3859090915031,199.1398742643919,0.2,0.2,20.249999999999996,0.8,0.8,900.0,0.01,20
9.48,900.3990983755807,199.14430218061025,0.2,0.2,20.249999999999996,0.8,0.8,900.0,0.01,20
9.49,900.4142892981599,199.50602130504657,0.2,0.2,20.249999999999996,0.8,0.8,900.0,0.01,20
9.5,900.4304712725155,200.1663615070125,0.2,0.2,20.249999999999996,0.8,0.8,900.0,0.01,20
9.51,900.4463593881959,201.47001299291003,0.2,0.2,20.249999999999996,0.8,0.8,900.0,0.01,20
9.52,900.461252213532,203.02239698072108,0.2,0.2,20.249999999999996,0.8,0.8,900.0,0.01,20
9.53,900.4740623830644,204.81164694587784,0.2,0.2,20.249999999999996,0.8,0.8,900.0,0.01,20
9.540000000000001,900.483796521142,206.72622709003704,0.2,0.2,20.249999999999996,0.8,0.8,900.0,0.01,20
9.55,900.4902558503869,208.27935670911572,0.2,0.2,20.249999999999996,0.8,0.8,900.0,0.01,20
9.56,900.4923141802988,209.84325355208804,0.2,0.2,20.249999999999996,0.8,0.8,900.0,0.01,20
9.57,900.4895989698817,211.47186985730454,0.2,0.2,20.249999999999996,0.8,0.8,900.0,0.01,20
9.58,900.4831393565374,212.90768554457108,0.2,0.2,20.249999999999996,0.8,0.8,900.0,0.01,20
9.59,900.4740599929869,213.9877909203952,0.2,0.2,20.249999999999996,0.8,0.8,900.0,0.01,20
9.6,900.4638620798845,214.37360050111866,0.2,0.2,20.249999999999996,0.8,0.8,900.0,0.01,20
9.61,900.452818833775,214.60059035685802,0.2,0.2,20.249999999999996,0.8,0.8,900.0,0.01,20
9.620000000000001,900.4426602549204,214.36787648290792,0.2,0.2,20.249999999999996,0.8,0.8,900.0,0.01,20
9.63,900.4340288025023,213.79881276957894,0.2,0.2,20.249999999999996,0.8,0.8,900.0,0.01,20
9.64,900.4272134840011,212.79694343808325,0.2,0.2,20.249999999999996,0.8,0.8,900.0,0.01,20
9.65,900.421592317254,211.61907167886164,0.2,0.2,20.249999999999996,0.8,0.8,900.0,0.01,20
9.66,900.4151659748577,210.5133871708098,0.2,0.2,20.249999999999996,0.8,0.8,900.0,0.01,20
9.67,900.4078004362005,209.3497653054765,0.2,0.2,20.249999999999996,0.8,0.8,900.0,0.01,20
9.68,900.4001958188746,208.21237626131636,0.2,0.2,20.249999999999996,0.8,0.8,900.0,0.01,20
9.69,900.3939844208408,207.1685893299041,0.2,0.2,20.249999999999996,0.8,0.8,900.0,0.01,20
9.700000000000001,900.3910538138969,206.28565619190815,0.2,0.2,20.249999999999996,0.8,0.8,900.0,0.01,20
9.71,900.3919585797346,205.54008099595637,0.2,0.2,20.249999999999996,0.8,0.8,900.0,0.01,20
9.72,900.3973600082354,204.75563615155806,0.2,0.2,20.249999999999996,0.8,0.8,900.0,0.01,20
9.73,900.4057002494174,204.3753623719368,0.2,0.2,20.249999999999996,0.8,0.8,900.0,0.01,20
9.74,900.4156102221664,204.53780528059738,0.2,0.2,20.249999999999996,0.8,0.8,900.0,0.01,20
9.75,900.4256165909025,205.04694751400348,0.2,0.2,20.249999999999996,0.8,0.8,900.0,0.01,20
9.76,900.4344929999065,205.71412647894206,0.2,0.2,20.249999999999996,0.8,0.8,900.0,0.01,20
9.77,900.4411731051383,206.30977323187486,0.2,0.2,20.249999999999996,0.8,0.8,900.0,0.01,20
9.78,900.444997172871,206.76099317324184,0.2,0.2,20.249999999999996,0.8,0.8,900.0,0.01,20
9.790000000000001,900.4468390709508,207.07693959727453,0.2,0.2,20.249999999999996,0.8,0.8,900.0,0.01,20
9.8,900.4486047914115,207.33313165620814,0.2,0.2,20.249999999999996,0.8,0.8,900.0,0.01,20
9.81,900.4510598114277,207.6010638712082,0.2,0.2,20.249999999999996,0.8,0.8,900.0,0.01,20
9.82,900.4539030153642,208.00559602551212,0.2,0.2,20.249999999999996,0.8,0.8,900.0,0.01,20
9.83,900.4565716443408,208.43690294993897,0.2,0.2,20.249999999999996,0.8,0.8,900.0,0.01,20
9.84,900.4579147903133,208.91123621280147,0.2,0.2,20.249999999999996,0.8,0.8,900.0,0.01,20
9.85,900.4562921502509,209.619335416353,0.2,0.2,20.249999999999996,0.8,0.8,900.0,0.01,20
9.86,900.4511906478426,210.3303154296781,0.2,0.2,20.249999999999996,0.8,0.8,900.0,0.01,20
9.870000000000001,900.4434505487679,210.95239399846898,0.2,0.2,20.249999999999996,0.8,0.8,900.0,0.01,20
9.88,900.4346301324582,211.28451046359436,0.2,0.2,20.249999999999996,0.8,0.8,900.0,0.01,20
9.89,900.4264410937535,211.13414957110052,0.2,0.2,20.249999999999996,0.8,0.8,900.0,0.01,20
9.9,900.4203606574208,210.38575235015347,0.2,0.2,20.249999999999996,0.8,0.8,900.0,0.01,20
9.91,900.4176210433694,209.10163683822776,0.2,0.2,20.249999999999996,0.8,0.8,900.0,0.01,20
9.92,900.4185641858388,207.46695405019042,0.2,0.2,20.249999999999996,0.8,0.8,900.0,0.01,20
9.93,900.4231680875697,205.84383049878025,0.2,0.2,20.249999999999996,0.8,0.8,900.0,0.01,20
9.94,900.4304942681025,204.45828705632925,0.2,0.2,20.249999999999996,0.8,0.8,900.0,0.01,20
9.950000000000001,900.4391586496309,203.5343514781695,0.2,0.2,20.249999999999996,0.8,0.8,900.0,0.01,20
9.96,900.447786971953,203.1577930055556,0.2,0.2,20.249999999999996,0.8,0.8,900.0,0.01,20
9.97,900.4560321281687,203.13061411119818,0.2,0.2,20.249999999999996,0.8,0.8,900.0,0.01,20
9.98,900.462949651779,203.70256602341846,0.2,0.2,20.249999999999996,0.8,0.8,900.0,0.01,20
9.99,900.4689628741949,204.47675875404892,0.2,0.2,20.249999999999996,0.8,0.8,900.0,0.01,20
10.0,900.473516812319,205.57956141718597,0.2,0.2,20.249999999999996,0.8,0.8,900.0,0.01,20
10.01,900.4764439009948,206.68896828387574,0.2,0.2,20.249999999999996,0.8,0.8,900.0,0.01,20
10.02,900.4762112144231,207.674230015119,0.2,0.2,20.249999999999996,0.8,0.8,900.0,0.01,20
10.03,900.4713352769786,208.19483095456383,0.2,0.2,20.249999999999996,0.8,0.8,900.0,0.01,20
10.040000000000001,900.4604280922384,208.41942496479592,0.2,0.2,20.249999999999996,0.8,0.8,900.0,0.01,20
10.05,900.4441419426424,208.1238554329633,0.2,0.2,20.249999999999996,0.8,0.8,900.0,0.01,20
10.06,900.4246370883495,207.52951340967465,0.2,0.2,20.249999999999996,0.8,0.8,900.0,0.01,20
10.07,900.405136500293,206.63849195491164,0.2,0.2,20.249999999999996,0.8,0.8,900.0,0.01,20
10.08,900.389072655005,205.60876702049842,0.2,0.2,20.249999999999996,0.8,0.8,900.0,0.01,20
10.09,900.3791220405227,204.46745210000827,0.2,0.2,20.249999999999996,0.8,0.8,900.0,0.01,20
10.1,900.3761060058305,203.35951207763634,0.2,0.2,20.249999999999996,0.8,0.8,900.0,0.01,20
10.11,900.38005364958,202.47492794970714,0.2,0.2,20.249999999999996,0.8,0.8,900.0,0.01,20
10.120000000000001,900.3896945226596,201.91903278868887,0.2,0.2,20.249999999999996,0.8,0.8,900.0,0.01,20
10.13,900.4031501349657,201.78456685044873,0.2,0.2,20.249999999999996,0.8,0.8,900.0,0.01,20
10.14,900.4184129730556,202.09698133803232,0.2,0.2,20.249999999999996,0.8,0.8,900.0,0.01,20
10.15,900.4331621293893,202.92811764296226,0.2,0.2,20.249999999999996,0.8,0.8,900.0,0.01,20
10.16,900.4453796889375,204.1959045001838,0.2,0.2,20.249999999999996,0.8,0.8,900.0,0.01,20
10.17,900.4544539835755,205.14750055734405,0.2,0.2,20.249999999999996,0.8,0.8,900.0,0.01,20
10.18,900.4585946227178,206.6849015974057,0.2,0.2,20.249999999999996,0.8,0.8,900.0,0.01,20
10.19,900.4559403393414,207.96781502248894,0.2,0.2,20.249999999999996,0.8,0.8,900.0,0.01,20
10.200000000000001,900.4485948679749,208.76792403865207,0.2,0.2,20.249999999999996,0.8,0.8,900.0,0.01,20
10.21,900.4389754762509,209.02677585232868,0.2,0.2,20.249999999999996,0.8,0.8,900.0,0.01,20
10.22,900.4297672652112,208.71561391370204,0.2,0.2,20.249999999999996,0.8,0.8,900.0,0.01,20
10.23,900.4238226022535,207.8728760766144,0.2,0.2,20.249999999999996,0.8,0.8,900.0,0.01,20
10.24,900.4229153340765,206.7508144040418,0.2,0.2,20.249999999999996,0.8,0.8,900.0,0.01,20
10.25,900.4286383021464,205.60964564857196,0.2,0.2,20.249999999999996,0.8,0.8,900.0,0.01,20
10.26,900.4411836048886,204.30528064652822,0.2,0.2,20.249999999999996,0.8,0.8,900.0,0.01,20
10.27,900.4574517406543,203.9242136914177,0.2,0.2,20.249999999999996,0.8,0.8,900.0,0.01,20
10.28,900.4742306124052,204.2392902784777,0.2,0.2,20.249999999999996,0.8,0.8,900.0,0.01,20
10.290000000000001,900.4878677678478,205.33985968894373,0.2,0.2,20.249999999999996,0.8,0.8,900.0,0.01,20
10.3,900.4962593359423,207.00138602316864,0.2,0.2,20.249999999999996,0.8,0.8,900.0,0.01,20
10.31,900.4977262102119,209.0504954270206,0.2,0.2,20.249999999999996,0.8,0.8,900.0,0.01,20
10.32,900.4917194586436,211.11925722816864,0.2,0.2,20.249999999999996,0.8,0.8,900.0,0.01,20
10.33,900.4788364542035,212.78269079717245,0.2,0.2,20.249999999999996,0.8,0.8,900.0,0.01,20
10.34,900.4596340954824,213.72823739648746,0.2,0.2,20.249999999999996,0.8,0.8,900.0,0.01,20
10.35,900.436173790357,213.71860538440725,0.2,0.2,20.249999999999996,0.8,0.8,900.0,0.01,20
10.36,900.4114980735404,212.74093142639103,0.2,0.2,20.249999999999996,0.8,0.8,900.0,0.01,20
10.370000000000001,900.3896501406186,210.76515109181364,0.2,0.2,20.249999999999996,0.8,0.8,900.0,0.01,20
10.38,900.3738742616955,208.54733847420977,0.2,0.2,20.249999999999996,0.8,0.8,900.0,0.01,20
10.39,900.3664055369976,206.32078151285538,0.2,0.2,20.249999999999996,0.8,0.8,900.0,0.01,20
10.4,900.3682348198423,204.24747389102052,0.2,0.2,20.249999999999996,0.8,0.8,900.0,0.01,20
10.41,900.3785501338841,202.600213577517,0.2,0.2,20.249999999999996,0.8,0.8,900.0,0.01,20
10.42,900.3952436174775,201.53654574642064,0.2,0.2,20.249999999999996,0.8,0.8,900.0,0.01,20
10.43,900.4163962562604,201.14780546368968,0.2,0.2,20.249999999999996,0.8,0.8,900.0,0.01,20
10.44,900.4393128916206,201.52413077575275,0.2,0.2,20.249999999999996,0.8,0.8,900.0,0.01,20
10.450000000000001,900.4613481099535,202.63868612665277,0.2,0.2,20.249999999999996,0.8,0.8,900.0,0.01,20
10.46,900.4808153697547,204.47373636991207,0.2,0.2,20.249999999999996,0.8,0.8,900.0,0.01,20
10.47,900.4960854968231,206.80582974413784,0.2,0.2,20.249999999999996,0.8,0.8,900.0,0.01,20
10.48,900.5058204430572,209.2234617930315,0.2,0.2,20.249999999999996,0.8,0.8,900.0,0.01,20
10.49,900.5090688149521,211.80653073106043,0.2,0.2,20.249999999999996,0.8,0.8,900.0,0.01,20
10.5,900.505713578132,214.19659882108735,0.2,0.2,20.249999999999996,0.8,0.8,900.0,0.01,20
10.51,900.497232752751,215.97729271796143,0.2,0.2,20.249999999999996,0.8,0.8,900.0,0.01,20
10.52,900.484673399017,217.14601130540308,0.2,0.2,20.249999999999996,0.8,0.8,900.0,0.01,20
10.53,900.4692829577399,217.68579014674378,0.2,0.2,20.249999999999996,0.8,0.8,900.0,0.01,20
10.540000000000001,900.4528793455489,217.4664147459867,0.2,0.2,20.249999999999996,0.8,0.8,900.0,0.01,20
10.55,900.4365325720173,216.70904141255647,0.2,0.2,20.249999999999996,0.8,0.8,900.0,0.01,20
10.56,900.4211217803714,215.31139673188676,0.2,0.2,20.249999999999996,0.8,0.8,900.0,0.01,20
10.57,900.4076461892837,213.59070826924463,0.2,0.2,20.249999999999996,0.8,0.8,900.0,0.01,20
10.58,900.3945798942506,211.8200610743429,0.2,0.2,20.249999999999996,0.8,0.8,900.0,0.01,20
10.59,900.3828112205244,209.84266892678366,0.2,0.2,20.249999999999996,0.8,0.8,900.0,0.01,20
10.6,900.3728087583553,207.83047664742207,0.2,0.2,20.249999999999996,0.8,0.8,900.0,0.01,20
10.61,900.3654937955722,205.89631368548035,0.2,0.2,20.249999999999996,0.8,0.8,900.0,0.01,20
10.620000000000001,900.3623490459702,204.28444719131872,0.2,0.2,20.249999999999996,0.8,0.8,900.0,0.01,20
10.63,900.3640509169566,203.08435450498044,0.2,0.2,20.249999999999996,0.8,0.8,900.0,0.01,20
10.64,900.3704870177035,202.34776961020202,0.2,0.2,20.249999999999996,0.8,0.8,900.0,0.01,20
10.65,900.3808234107616,201.96417557321544,0.2,0.2,20.249999999999996,0.8,0.8,900.0,0.01,20
10.66,900.3935687250502,201.84419850868616,0.2,0.2,20.249999999999996,0.8,0.8,900.0,0.01,20
10.67,900.40732824332,201.90227097655196,0.2,0.2,20.249999999999996,0.8,0.8,900.0,0.01,20
10.68,900.4215099146774,201.85027046483282,0.2,0.2,20.249999999999996,0.8,0.8,900.0,0.01,20
10.69,900.4342816952183,201.96700993557027,0.2,0.2,20.249999999999996,0.8,0.8,900.0,0.01,20
10.700000000000001,900.445331454944,202.13181324640027,0.2,0.2,20.249999999999996,0.8,0.8,900.0,0.01,20
10.71,900.4547992177471,202.2949078543536,0.2,0.2,20.249999999999996,0.8,0.8,900.0,0.01,20
10.72,900.4630248684982,202.44757524318672,0.2,0.2,20.249999999999996,0.8,0.8,900.0,0.01,20
10.73,900.4693931042447,202.76809315852864,0.2,0.2,20.249999999999996,0.8,0.8,900.0,0.01,20
10.74,900.4736815981383,203.20506026125574,0.2,0.2,20.249999999999996,0.8,0.8,900.0,0.01,20
10.75,900.4758539039467,203.54771168082257,0.2,0.2,20.249999999999996,0.8,0.8,900.0,0.01,20
10.76,900.4755842785564,203.85358479895498,0.2,0.2,20.249999999999996,0.8,0.8,900.0,0.01,20
10.77,900.4726071000172,204.21312497305144,0.2,0.2,20.249999999999996,0.8,0.8,900.0,0.01,20
10.78,900.469247152778,204.32223323397184,0.2,0.2,20.249999999999996,0.8,0.8,900.0,0.01,20
10.790000000000001,900.4633486990181,204.99612933781532,0.2,0.2,20.249999999999996,0.8,0.8,900.0,0.01,20
10.8,900.4560973947733,205.51191565601562,0.2,0.2,20.249999999999996,0.8,0.8,900.0,0.01,20
10.81,900.4479384479451,205.86761187573913,0.2,0.2,20.249999999999996,0.8,0.8,900.0,0.01,20
10.82,900.4390916235743,205.95216871261806,0.2,0.2,20.249999999999996,0.8,0.8,900.0,0.01,20
10.83,900.4294757609762,205.77481837598836,0.2,0.2,20.249999999999996,0.8,0.8,900.0,0.01,20
10.84,900.4194720689807,204.8635327309849,0.2,0.2,20.249999999999996,0.8,0.8,900.0,0.01,20
10.85,900.4086876345718,203.95789662074844,0.2,0.2,20.249999999999996,0.8,0.8,900.0,0.01,20
10.86,900.3982931545867,202.7936276433208,0.2,0.2,20.249999999999996,0.8,0.8,900.0,0.01,20
10.870000000000001,900.3902115532159,201.38448393986104,0.2,0.2,20.249999999999996,0.8,0.8,900.0,0.01,20
10.88,900.3855953654788,199.88481562416064,0.2,0.2,20.249999999999996,0.8,0.8,900.0,0.01,20
10.89,900.3858191635613,198.4472960416194,0.2,0.2,20.249999999999996,0.8,0.8,900.0,0.01,20
10.9,900.3912401558825,197.20562256731415,0.2,0.2,20.249999999999996,0.8,0.8,900.0,0.01,20
10.91,900.4017316293066,196.2489186114627,0.2,0.2,20.249999999999996,0.8,0.8,900.0,0.01,20
10.92,900.4163725436425,195.6633340276202,0.2,0.2,20.249999999999996,0.8,0.8,900.0,0.01,20
10.93,900.4336681225553,195.5084616143142,0.2,0.2,20.249999999999996,0.8,0.8,900.0,0.01,20
10.94,900.4518899563365,195.79546131728446,0.2,0.2,20.249999999999996,0.8,0.8,900.0,0.01,20
10.950000000000001,900.469965411264,196.5016234754087,0.2,0.2,20.249999999999996,0.8,0.8,900.0,0.01,20
10.96,900.4866976233476,197.60288649998483,0.2,0.2,20.249999999999996,0.8,0.8,900.0,0.01,20
10.97,900.5046976311145,198.11658297194202,0.2,0.2,20.249999999999996,0.8,0.8,900.0,0.01,20
10.98,900.5178018272185,199.89770658415,0.2,0.2,20.249999999999996,0.8,0.8,900.0,0.01,20
10.99,900.5242367502082,202.0744805404023,0.2,0.2,20.249999999999996,0.8,0.8,900.0,0.01,20
11.0,900.5225414547589,204.32502286514966,0.2,0.2,20.249999999999996,0.8,0.8,900.0,0.01,20
11.01,900.5110109148984,206.26332785678642,0.2,0.2,20.249999999999996,0.8,0.8,900.0,0.01,20
11.02,900.4885805145442,207.46876940721006,0.2,0.2,20.249999999999996,0.8,0.8,900.0,0.01,20
11.03,900.456002065447,207.7720949596915,0.2,0.2,20.249999999999996,0.8,0.8,900.0,0.01,20
11.040000000000001,900.4166465078126,206.97978238280245,0.2,0.2,20.249999999999996,0.8,0.8,900.0,0.01,20
11.05,900.3765684081997,205.0425510589632,0.2,0.2,20.249999999999996,0.8,0.8,900.0,0.01,20
11.06,900.3401642556837,202.66606529336954,0.2,0.2,20.249999999999996,0.8,0.8,900.0,0.01,20
11.07,900.3122501743239,200.24349765295747,0.2,0.2,20.249999999999996,0.8,0.8,900.0,0.01,20
11.08,900.2962954595777,197.9810978128203,0.2,0.2,20.249999999999996,0.8,0.8,900.0,0.01,20
11.09,900.2933053864268,195.99718031348445,0.2,0.2,20.249999999999996,0.8,0.8,900.0,0.01,20
11.1,900.3022505830461,194.44863355580475,0.2,0.2,20.249999999999996,0.8,0.8,900.0,0.01,20
11.11,900.3208248230325,193.3011477764699,0.2,0.2,20.249999999999996,0.8,0.8,900.0,0.01,20
11.120000000000001,900.3458505202802,192.53351935829284,0.2,0.2,20.249999999999996,0.8,0.8,900.0,0.01,20
11.13,900.3756729733162,191.64113032793304,0.2,0.2,20.249999999999996,0.8,0.8,900.0,0.01,20
11.14,900.4073785416583,191.5377210429621,0.2,0.2,20.249999999999996,0.8,0.8,900.0,0.01,20
11.15,900.4392064980944,191.77846949714697,0.2,0.2,20.249999999999996,0.8,0.8,900.0,0.01,20
11.16,900.4690570897077,192.5008515717789,0.2,0.2,20.249999999999996,0.8,0.8,900.0,0.01,20
11.17,900.4958228272595,193.72246954295503,0.2,0.2,20.249999999999996,0.8,0.8,900.0,0.01,20
11.18,900.5183262255439,195.35413782207308,0.2,0.2,20.249999999999996,0.8,0.8,900.0,0.01,20
11.19,900.534429924431,197.31318787631184,0.2,0.2,20.249999999999996,0.8,0.8,900.0,0.01,20
11.200000000000001,900.5419133416387,199.5090751321171,0.2,0.2,20.249999999999996,0.8,0.8,900.0,0.01,20
11.21,900.539144104531,201.77138071260939,0.2,0.2,20.249999999999996,0.8,0.8,900.0,0.01,20
11.22,900.5257497425636,203.68996082595137,0.2,0.2,20.249999999999996,0.8,0.8,900.0,0.01,20
11.23,900.5027516517536,205.1786926933134,0.2,0.2,20.249999999999996,0.8,0.8,900.0,0.01,20
11.24,900.4725625263535,206.06940032549883,0.2,0.2,20.249999999999996,0.8,0.8,900.0,0.01,20
11.25,900.4390090515534,206.19200204247898,0.2,0.2,20.249999999999996,0.8,0.8,900.0,0.01,20
11.26,900.4064027386888,205.5342885908951,0.2,0.2,20.249999999999996,0.8,0.8,900.0,0.01,20
11.27,900.3789154618004,204.22610752672588,0.2,0.2,20.249999999999996,0.8,0.8,900.0,0.01,20
11.28,900.3597919376587,202.47047520643594,0.2,0.2,20.249999999999996,0.8,0.8,900.0,0.01,20
11.290000000000001,900.3503143038549,200.62960040814198,0.2,0.2,20.249999999999996,0.8,0.8,900.0,0.01,20
11.3,900.3503812470896,198.90123427523446,0.2,0.2,20.249999999999996,0.8,0.8,900.0,0.01,20
11.31,900.3587847368644,197.39519300637707,0.2,0.2,20.249999999999996,0.8,0.8,900.0,0.01,20
11.32,900.3737564927708,196.29775073862626,0.2,0.2,20.249999999999996,0.8,0.8,900.0,0.01,20
11.33,900.394113158469,195.57753468633507,0.2,0.2,20.249999999999996,0.8,0.8,900.0,0.01,20
11.34,900.419531396453,195.19047779399267,0.2,0.2,20.249999999999996,0.8,0.8,900.0,0.01,20
11.35,900.448286235313,195.54859328077174,0.2,0.2,20.249999999999996,0.8,0.8,900.0,0.01,20
11.36,900.4791237376356,196.52403959474915,0.2,0.2,20.249999999999996,0.8,0.8,900.0,0.01,20
11.370000000000001,900.5091953841606,198.2133145192373,0.2,0.2,20.249999999999996,0.8,0.8,900.0,0.01,20
11.38,900.5344197484181,200.34542848798273,0.2,0.2,20.249999999999996,0.8,0.8,900.0,0.01,20
11.39,900.5506583085444,203.0337770759952,0.2,0.2,20.249999999999996,0.8,0.8,900.0,0.01,20
11.4,900.5528377700878,206.01923732620892,0.2,0.2,20.249999999999996,0.8,0.8,900.0,0.01,20
11.41,900.5391756968359,208.7949783681044,0.2,0.2,20.249999999999996,0.8,0.8,900.0,0.01,20
11.42,900.5109707548952,210.80657251112618,0.2,0.2,20.249999999999996,0.8,0.8,900.0,0.01,20
11.43,900.4728565522438,211.69154100219887,0.2,0.2,20.249999999999996,0.8,0.8,900.0,0.01,20
11.44,900.431595355064,211.33013543435834,0.2,0.2,20.249999999999996,0.8,0.8,900.0,0.01,20
11.450000000000001,900.3945323958683,209.88627315461403,0.2,0.2,20.249999999999996,0.8,0.8,900.0,0.01,20
11.46,900.3671384329774,207.76536434722897,0.2,0.2,20.249999999999996,0.8,0.8,900.0,0.01,20
11.47,900.3526190226343,205.28548177590406,0.2,0.2,20.249999999999996,0.8,0.8,900.0,0.01,20
11.48,900.3511268419611,202.73033079096615,0.2,0.2,20.249999999999996,0.8,0.8,900.0,0.01,20
11.49,900.3605258968649,200.32052805256498,0.2,0.2,20.249999999999996,0.8,0.8,900.0,0.01,20
11.5,900.3772816163942,198.23235849392677,0.2,0.2,20.249999999999996,0.8,0.8,900.0,0.01,20
11.51,900.3971351090662,196.64271328973598,0.2,0.2,20.249999999999996,0.8,0.8,900.0,0.01,20
11.52,900.4158032786274,195.66108914232055,0.2,0.2,20.249999999999996,0.8,0.8,900.0,0.01,20
11.53,900.4301781738315,195.23049753225524,0.2,0.2,20.249999999999996,0.8,0.8,900.0,0.01,20
11.540000000000001,900.4390260319258,195.22515541935795,0.2,0.2,20.249999999999996,0.8,0.8,900.0,0.01,20
11.55,900.4415765054249,195.63897570829133,0.2,0.2,20.249999999999996,0.8,0.8,900.0,0.01,20
11.56,900.4392875828171,196.07360880057078,0.2,0.2,20.249999999999996,0.8,0.8,900.0,0.01,20
11.57,900.4350583114693,196.319179030862,0.2,0.2,20.249999999999996,0.8,0.8,900.0,0.01,20
11.58,900.4296142712185,196.4833708950379,0.2,0.2,20.249999999999996,0.8,0.8,900.0,0.01,20
11.59,900.4242309853909,196.41764928229753,0.2,0.2,20.249999999999996,0.8,0.8,900.0,0.01,20
11.6,900.4191564364498,196.2086485269738,0.2,0.2,20.249999999999996,0.8,0.8,900.0,0.01,20
11.61,900.4155230102797,195.8234226740495,0.2,0.2,20.249999999999996,0.8,0.8,900.0,0.01,20
11.620000000000001,900.4135600409829,195.327454822123,0.2,0.2,20.249999999999996,0.8,0.8,900.0,0.01,20
11.63,900.4138338562238,194.89067145169062,0.2,0.2,20.249999999999996,0.8,0.8,900.0,0.01,20
11.64,900.4165228008077,194.59632967290747,0.2,0.2,20.249999999999996,0.8,0.8,900.0,0.01,20
11.65,900.4223214361951,194.41704326589058,0.2,0.2,20.249999999999996,0.8,0.8,900.0,0.01,20
11.66,900.4319006428148,194.2846570323936,0.2,0.2,20.249999999999996,0.8,0.8,900.0,0.01,20
11.67,900.444964519789,194.54533917074556,0.2,0.2,20.249999999999996,0.8,0.8,900.0,0.01,20
11.68,900.4607389067478,195.16214284445522,0.2,0.2,20.249999999999996,0.8,0.8,900.0,0.01,20
11.69,900.4778975287529,196.10849900777816,0.2,0.2,20.249999999999996,0.8,0.8,900.0,0.01,20
11.700000000000001,900.4937481952271,197.49178843110104,0.2,0.2,20.249999999999996,0.8,0.8,900.0,0.01,20
11.71,900.5054744206567,199.18840392929405,0.2,0.2,20.249999999999996,0.8,0.8,900.0,0.01,20
11.72,900.5109534820716,201.10291402303156,0.2,0.2,20.249999999999996,0.8,0.8,900.0,0.01,20
11.73,900.5083867079222,203.08818712569683,0.2,0.2,20.249999999999996,0.8,0.8,900.0,0.01,20
11.74,900.4967108088406,204.84007878021345,0.2,0.2,20.249999999999996,0.8,0.8,900.0,0.01,20
11.75,900.4781667964292,205.60920263107866,0.2,0.2,20.249999999999996,0.8,0.8,900.0,0.01,20
11.76,900.4537831325358,205.67952857863358,0.2,0.2,20.249999999999996,0.8,0.8,900.0,0.01,20
11.77,900.4267525111077,205.05928112443024,0.2,0.2,20.249999999999996,0.8,0.8,900.0,0.01,20
11.78,900.401850840651,203.7640190977566,0.2,0.2,20.249999999999996,0.8,0.8,900.0,0.01,20
11.790000000000001,900.3826795117377,202.06211493040317,0.2,0.2,20.249999999999996,0.8,0.8,900.0,0.01,20
11.8,900.3715832853845,200.1489393381696,0.2,0.2,20.249999999999996,0.8,0.8,900.0,0.01,20
11.81,900.3707287017414,197.84270159754126,0.2,0.2,20.249999999999996,0.8,0.8,900.0,0.01,20
11.82,900.3797134474735,195.7186565087059,0.2,0.2,20.249999999999996,0.8,0.8,900.0,0.01,20
11.83,900.3936068861785,194.50487368135506,0.2,0.2,20.249999999999996,0.8,0.8,900.0,0.01,20
11.84,900.4099720759759,193.89599055229127,0.2,0.2,20.249999999999996,0.8,0.8,900.0,0.01,20
11.85,900.4264164887364,193.90269502477398,0.2,0.2,20.249999999999996,0.8,0.8,900.0,0.01,20
11.86,900.440500827939,194.37453669350543,0.2,0.2,20.249999999999996,0.8,0.8,900.0,0.01,20
11.870000000000001,900.4494419929063,195.38505967303354,0.2,0.2,20.249999999999996,0.8,0.8,900.0,0.01,20
11.88,900.4529254865403,196.48122079063194,0.2,0.2,20.249999999999996,0.8,0.8,900.0,0.01,20
11.89,900.4506065073887,197.70264621911005,0.2,0.2,20.249999999999996,0.8,0.8,900.0,0.01,20
11.9,900.4439342555048,198.5572962921657,0.2,0.2,20.249999999999996,0.8,0.8,900.0,0.01,20
11.91,900.4341442345819,199.08561749343028,0.2,0.2,20.249999999999996,0.8,0.8,900.0,0.01,20
11.92,900.4231452174078,199.05034007207905,0.2,0.2,20.249999999999996,0.8,0.8,900.0,0.01,20
11.93,900.4139455349308,198.426076784743,0.2,0.2,20.249999999999996,0.8,0.8,900.0,0.01,20
11.94,900.4095423410382,197.47745148427614,0.2,0.2,20.249999999999996,0.8,0.8,900.0,0.01,20
11.950000000000001,900.4124452932386,196.1289100284111,0.2,0.2,20.249999999999996,0.8,0.8,900.0,0.01,20
11.96,900.4219513167585,195.04529412592314,0.2,0.2,20.249999999999996,0.8,0.8,900.0,0.01,20
11.97,900.4367466958589,194.25361633389662,0.2,0.2,20.249999999999996,0.8,0.8,900.0,0.01,20
11.98,900.4543701686025,193.85739815749554,0.2,0.2,20.249999999999996,0.8,0.8,900.0,0.01,20
11.99,900.4717169046105,193.80052367721683,0.2,0.2,20.249999999999996,0.8,0.8,900.0,0.01,20
12.0,900.4860806119616,194.33286099505278,0.2,0.2,20.249999999999996,0.8,0.8,900.0,0.01,20
12.01,900.4949942715197,195.50297894636319,0.2,0.2,20.249999999999996,0.8,0.8,900.0,0.01,20
12.02,900.4971766279989,196.9399144561256,0.2,0.2,20.249999999999996,0.8,0.8,900.0,0.01,20
12.030000000000001,900.4925557356931,198.72261127713358,0.2,0.2,20.249999999999996,0.8,0.8,900.0,0.01,20
12.040000000000001,900.4816415085033,200.39288914920658,0.2,0.2,20.249999999999996,0.8,0.8,900.0,0.01,20
12.05,900.4662853394775,201.84200726651184,0.2,0.2,20.249999999999996,0.8,0.8,900.0,0.01,20
12.06,900.4488839192802,202.80268268986507,0.2,0.2,20.249999999999996,0.8,0.8,900.0,0.01,20
12.07,900.431689673206,203.26187218336878,0.2,0.2,20.249999999999996,0.8,0.8,900.0,0.01,20
12.08,900.4159700998463,203.28301746638536,0.2,0.2,20.249999999999996,0.8,0.8,900.0,0.01,20
12.09,900.4029549869165,202.7103210201693,0.2,0.2,20.249999999999996,0.8,0.8,900.0,0.01,20
12.1,900.3937682688719,201.82340841076982,0.2,0.2,20.249999999999996,0.8,0.8,900.0,0.01,20
12.11,900.3891837695534,200.6963802534731,0.2,0.2,20.249999999999996,0.8,0.8,900.0,0.01,20
12.120000000000001,900.3889846112138,199.4072912624822,0.2,0.2,20.249999999999996,0.8,0.8,900.0,0.01,20
12.13,900.392647922717,198.09178171453962,0.2,0.2,20.249999999999996,0.8,0.8,900.0,0.01,20
12.14,900.3993760024334,196.83592517721482,0.2,0.2,20.249999999999996,0.8,0.8,900.0,0.01,20
12.15,900.4076333444489,195.82974132664717,0.2,0.2,20.249999999999996,0.8,0.8,900.0,0.01,20
12.16,900.4159235187035,195.07650493440042,0.2,0.2,20.249999999999996,0.8,0.8,900.0,0.01,20
12.17,900.4230922624223,194.56247117367738,0.2,0.2,20.249999999999996,0.8,0.8,900.0,0.01,20
12.18,900.4283149812064,194.22766772125613,0.2,0.2,20.249999999999996,0.8,0.8,900.0,0.01,20
12.19,900.431544931379,193.8912010671488,0.2,0.2,20.249999999999996,0.8,0.8,900.0,0.01,20
12.200000000000001,900.4323867268312,193.64622160198147,0.2,0.2,20.249999999999996,0.8,0.8,900.0,0.01,20
12.21,900.4316633579363,193.13930204130335,0.2,0.2,20.249999999999996,0.8,0.8,900.0,0.01,20
12.22,900.4300523811157,192.9278903082496,0.2,0.2,20.249999999999996,0.8,0.8,900.0,0.01,20
12.23,900.4291408071674,192.70863190194527,0.2,0.2,20.249999999999996,0.8,0.8,900.0,0.01,20
12.24,900.4298500142368,192.17883986039902,0.2,0.2,20.249999999999996,0.8,0.8,900.0,0.01,20
12.25,900.432884331656,191.9206868123875,0.2,0.2,20.249999999999996,0.8,0.8,900.0,0.01,20
12.26,900.4378753026853,191.77740182883647,0.2,0.2,20.249999999999996,0.8,0.8,900.0,0.01,20
12.27,900.4449281643143,191.7547914343811,0.2,0.2,20.249999999999996,0.8,0.8,900.0,0.01,20
12.280000000000001,900.4534098846487,192.02279111365658,0.2,0.2,20.249999999999996,0.8,0.8,900.0,0.01,20
12.290000000000001,900.4629496286989,192.68082988695568,0.2,0.2,20.249999999999996,0.8,0.8,900.0,0.01,20
12.3,900.471634030421,193.91268982277913,0.2,0.2,20.249999999999996,0.8,0.8,900.0,0.01,20
12.31,900.4781116710573,195.64262214980232,0.2,0.2,20.249999999999996,0.8,0.8,900.0,0.01,20
12.32,900.4812238254805,197.68744167420144,0.2,0.2,20.249999999999996,0.8,0.8,900.0,0.01,20
12.33,900.4799008739869,199.78512625463296,0.2,0.2,20.249999999999996,0.8,0.8,900.0,0.01,20
12.34,900.4718620188565,202.0601430203845,0.2,0.2,20.249999999999996,0.8,0.8,900.0,0.01,20
12.35,900.455573970463,204.11172816849265,0.2,0.2,20.249999999999996,0.8,0.8,900.0,0.01,20
12.36,900.4303970550125,205.63784469083188,0.2,0.2,20.249999999999996,0.8,0.8,900.0,0.01,20
12.370000000000001,900.3986209275466,205.84019343312357,0.2,0.2,20.249999999999996,0.8,0.8,900.0,0.01,20
12.38,900.3649669670535,204.49282641994188,0.2,0.2,20.249999999999996,0.8,0.8,900.0,0.01,20
12.39,900.3372955312656,201.52265670316348,0.2,0.2,20.249999999999996,0.8,0.8,900.0,0.01,20
12.4,900.3204373025301,198.72096614693191,0.2,0.2,20.249999999999996,0.8,0.8,900.0,0.01,20
12.41,900.3159476118803,196.40161837794636,0.2,0.2,20.249999999999996,0.8,0.8,900.0,0.01,20
12.42,900.3230543503848,194.50341635522634,0.2,0.2,20.249999999999996,0.8,0.8,900.0,0.01,20
12.43,900.3393028607621,192.9721005687037,0.2,0.2,20.249999999999996,0.8,0.8,900.0,0.01,20
12.44,900.3616066807878,191.85582643705604,0.2,0.2,20.249999999999996,0.8,0.8,900.0,0.01,20
12.450000000000001,900.3867113884949,191.22092727143223,0.2,0.2,20.249999999999996,0.8,0.8,900.0,0.01,20
12.46,900.4123477925941,191.06243438202824,0.2,0.2,20.249999999999996,0.8,0.8,900.0,0.01,20
12.47,900.4357816211593,191.41732205519355,0.2,0.2,20.249999999999996,0.8,0.8,900.0,0.01,20
12.48,900.4556019745324,192.18926325687548,0.2,0.2,20.249999999999996,0.8,0.8,900.0,0.01,20
12.49,900.4720480368941,193.18998487555803,0.2,0.2,20.249999999999996,0.8,0.8,900.0,0.01,20
12.5,900.4852238712159,194.43356459588995,0.2,0.2,20.249999999999996,0.8,0.8,900.0,0.01,20
12.51,900.4952895825347,195.90232493166602,0.2,0.2,20.249999999999996,0.8,0.8,900.0,0.01,20
12.52,900.5036250241811,197.4236153049792,0.2,0.2,20.249999999999996,0.8,0.8,900.0,0.01,20
12.530000000000001,900.5102214786792,199.04769184301142,0.2,0.2,20.249999999999996,0.8,0.8,900.0,0.01,20
12.540000000000001,900.5154725090271,200.6721118434432,0.2,0.2,20.249999999999996,0.8,0.8,900.0,0.01,20
12.55,900.5191771764916,202.3356988165364,0.2,0.2,20.249999999999996,0.8,0.8,900.0,0.01,20
12.56,900.519660099119,204.16070544419964,0.2,0.2,20.249999999999996,0.8,0.8,900.0,0.01,20
12.57,900.5160374073378,206.00088181622436,0.2,0.2,20.249999999999996,0.8,0.8,900.0,0.01,20
12.58,900.5075143279571,207.76104198368515,0.2,0.2,20.249999999999996,0.8,0.8,900.0,0.01,20
12.59,900.4936120105164,209.2208874107043,0.2,0.2,20.249999999999996,0.8,0.8,900.0,0.01,20
12.6,900.4753362097406,210.14231491412949,0.2,0.2,20.249999999999996,0.8,0.8,900.0,0.01,20
12.61,900.4543346484008,210.35288979401386,0.2,0.2,20.249999999999996,0.8,0.8,900.0,0.01,20
12.620000000000001,900.4340077850746,209.71282162392694,0.2,0.2,20.249999999999996,0.8,0.8,900.0,0.01,20
12.63,900.4157179596097,208.73384340327655,0.2,0.2,20.249999999999996,0.8,0.8,900.0,0.01,20
12.64,900.4013116433546,207.42125942395833,0.2,0.2,20.249999999999996,0.8,0.8,900.0,0.01,20
12.65,900.3924391414455,206.0235895254634,0.2,0.2,20.249999999999996,0.8,0.8,900.0,0.01,20
12.66,900.3895395009066,204.53720908013761,0.2,0.2,20.249999999999996,0.8,0.8,900.0,0.01,20
12.67,900.3923475982972,203.14344416512694,0.2,0.2,20.249999999999996,0.8,0.8,900.0,0.01,20
12.68,900.3997196309214,202.01577939903925,0.2,0.2,20.249999999999996,0.8,0.8,900.0,0.01,20
12.69,900.4093798968573,201.1991793401903,0.2,0.2,20.249999999999996,0.8,0.8,900.0,0.01,20
12.700000000000001,900.4197266167433,200.64152823363258,0.2,0.2,20.249999999999996,0.8,0.8,900.0,0.01,20
12.71,900.4287957911768,200.31620001787653,0.2,0.2,20.249999999999996,0.8,0.8,900.0,0.01,20
12.72,900.4349189041461,200.23972347859157,0.2,0.2,20.249999999999996,0.8,0.8,900.0,0.01,20
12.73,900.4361708581398,200.2052331688159,0.2,0.2,20.249999999999996,0.8,0.8,900.0,0.01,20
12.74,900.4319142218823,200.13001273796613,0.2,0.2,20.249999999999996,0.8,0.8,900.0,0.01,20
12.75,900.4226632295436,199.83756772926293,0.2,0.2,20.249999999999996,0.8,0.8,900.0,0.01,20
12.76,900.4099222685711,199.21261607143884,0.2,0.2,20.249999999999996,0.8,0.8,900.0,0.01,20
12.77,900.3967780605573,198.40112607051384,0.2,0.2,20.249999999999996,0.8,0.8,900.0,0.01,20
12.780000000000001,900.3856511996593,197.43128480786513,0.2,0.2,20.249999999999996,0.8,0.8,900.0,0.01,20
12.790000000000001,900.3792060304523,196.4236907506849,0.2,0.2,20.249999999999996,0.8,0.8,900.0,0.01,20
12.8,900.3789928138565,195.50789046196,0.2,0.2,20.249999999999996,0.8,0.8,900.0,0.01,20
12.81,900.3855783398895,194.616018388605,0.2,0.2,20.249999999999996,0.8,0.8,900.0,0.01,20
12.82,900.3989486663938,194.12503167918507,0.2,0.2,20.249999999999996,0.8,0.8,900.0,0.01,20
12.83,900.4163946264877,194.2738786487849,0.2,0.2,20.249999999999996,0.8,0.8,900.0,0.01,20
12.84,900.4363615434642,194.86851361781027,0.2,0.2,20.249999999999996,0.8,0.8,900.0,0.01,20
12.85,900.4570371637616,195.67943996425905,0.2,0.2,20.249999999999996,0.8,0.8,900.0,0.01,20
12.86,900.4754905294803,197.00826919119262,0.2,0.2,20.249999999999996,0.8,0.8,900.0,0.01,20
12.870000000000001,900.4898103577704,198.52636231807043,0.2,0.2,20.249999999999996,0.8,0.8,900.0,0.01,20
12.88,900.4989250749213,200.18097046687697,0.2,0.2,20.249999999999996,0.8,0.8,900.0,0.01,20
12.89,900.5019712872561,201.74340032559945,0.2,0.2,20.249999999999996,0.8,0.8,900.0,0.01,20
12.9,900.4991054293437,203.0687002825102,0.2,0.2,20.249999999999996,0.8,0.8,900.0,0.01,20
12.91,900.4911148442567,204.09515083247152,0.2,0.2,20.249999999999996,0.8,0.8,900.0,0.01,20
12.92,900.4790649976752,204.76398561164584,0.2,0.2,20.249999999999996,0.8,0.8,900.0,0.01,20
12.93,900.4640480800861,205.09039122058283,0.2,0.2,20.249999999999996,0.8,0.8,900.0,0.01,20
12.94,900.446751917088,205.16390131181637,0.2,0.2,20.249999999999996,0.8,0.8,900.0,0.01,20
12.950000000000001,900.4277542087189,204.96166792259277,0.2,0.2,20.249999999999996,0.8,0.8,900.0,0.01,20
12.96,900.4082652368261,204.39229397678113,0.2,0.2,20.249999999999996,0.8,0.8,900.0,0.01,20
12.97,900.39011025928,203.50706183557799,0.2,0.2,20.249999999999996,0.8,0.8,900.0,0.01,20
12.98,900.3754223959443,202.4168505249304,0.2,0.2,20.249999999999996,0.8,0.8,900.0,0.01,20
12.99,900.3662363435038,201.22386830015128,0.2,0.2,20.249999999999996,0.8,0.8,900.0,0.01,20
13.0,900.3639129488556,200.06884343214043,0.2,0.2,20.249999999999996,0.8,0.8,900.0,0.01,20
13.01,900.3689958652105,199.0006980557527,0.2,0.2,20.249999999999996,0.8,0.8,900.0,0.01,20
13.02,900.3809421838563,197.95548518868722,0.2,0.2,20.249999999999996,0.8,0.8,900.0,0.01,20
13.030000000000001,900.3974163251077,197.2491731541131,0.2,0.2,20.249999999999996,0.8,0.8,900.0,0.01,20
13.040000000000001,900.4155214490373,196.77973406358615,0.2,0.2,20.249999999999996,0.8,0.8,900.0,0.01,20
13.05,900.4330818717183,196.57142447055483,0.2,0.2,20.249999999999996,0.8,0.8,900.0,0.01,20
13.06,900.4483619316129,196.6332445420041,0.2,0.2,20.249999999999996,0.8,0.8,900.0,0.01,20
13.07,900.4603935985782,196.99105157154025,0.2,0.2,20.249999999999996,0.8,0.8,900.0,0.01,20
13.08,900.469008904759,197.61266123506363,0.2,0.2,20.249999999999996,0.8,0.8,900.0,0.01,20
13.09,900.4742296509993,198.50151315531338,0.2,0.2,20.249999999999996,0.8,0.8,900.0,0.01,20
13.1,900.4760929073575,199.59633875687666,0.2,0.2,20.249999999999996,0.8,0.8,900.0,0.01,20
13.11,900.4748287656708,200.73282073562797,0.2,0.2,20.249999999999996,0.8,0.8,900.0,0.01,20
13.120000000000001,900.4707236983766,201.762718985764,0.2,0.2,20.249999999999996,0.8,0.8,900.0,0.01,20
13.13,900.4639293209925,202.56143247978136,0.2,0.2,20.249999999999996,0.8,0.8,900.0,0.01,20
13.14,900.4563445167616,202.47443247358424,0.2,0.2,20.249999999999996,0.8,0.8,900.0,0.01,20
13.15,900.4487404842271,202.52519542226133,0.2,0.2,20.249999999999996,0.8,0.8,900.0,0.01,20
13.16,900.4405273999583,202.37753782891488,0.2,0.2,20.249999999999996,0.8,0.8,900.0,0.01,20
13.17,900.4329594297028,202.05570077709638,0.2,0.2,20.249999999999996,0.8,0.8,900.0,0.01,20
13.18,900.4272454956744,201.59516531417432,0.2,0.2,20.249999999999996,0.8,0.8,900.0,0.01,20
13.19,900.4239315582391,201.01011183424293,0.2,0.2,20.249999999999996,0.8,0.8,900.0,0.01,20
13.200000000000001,900.423098551451,200.3727830391703,0.2,0.2,20.249999999999996,0.8,0.8,900.0,0.01,20
13.21,900.4245279661424,199.69992134477138,0.2,0.2,20.249999999999996,0.8,0.8,900.0,0.01,20
13.22,900.4281588702931,199.14220614665876,0.2,0.2,20.249999999999996,0.8,0.8,900.0,0.01,20
13.23,900.433681196627,198.47932356360792,0.2,0.2,20.249999999999996,0.8,0.8,900.0,0.01,20
13.24,900.4402606576526,198.27632734825457,0.2,0.2,20.249999999999996,0.8,0.8,900.0,0.01,20
13.25,900.4473870871332,198.26889502295427,0.2,0.2,20.249999999999996,0.8,0.8,900.0,0.01,20
13.26,900.4534994318318,198.3966615067881,0.2,0.2,20.249999999999996,0.8,0.8,900.0,0.01,20
13.27,900.4569486529263,198.70617387406946,0.2,0.2,20.249999999999996,0.8,0.8,900.0,0.01,20
13.280000000000001,900.456260175501,199.02006371939058,0.2,0.2,20.249999999999996,0.8,0.8,900.0,0.01,20
13.290000000000001,900.4503849915598,199.19828541729098,0.2,0.2,20.249999999999996,0.8,0.8,900.0,0.01,20
13.3,900.4392826662274,199.11724371716429,0.2,0.2,20.249999999999996,0.8,0.8,900.0,0.01,20
13.31,900.4245004088721,198.6215198888629,0.2,0.2,20.249999999999996,0.8,0.8,900.0,0.01,20
13.32,900.4089010623481,197.74449358369495,0.2,0.2,20.249999999999996,0.8,0.8,900.0,0.01,20
13.33,900.3936604818172,196.97821218971814,0.2,0.2,20.249999999999996,0.8,0.8,900.0,0.01,20
13.34,900.3822734001079,196.14530755319106,0.2,0.2,20.249999999999996,0.8,0.8,900.0,0.01,20
13.35,900.3769506397718,195.38750154152243,0.2,0.2,20.249999999999996,0.8,0.8,900.0,0.01,20
13.36,900.3787944204604,194.73654578157897,0.2,0.2,20.249999999999996,0.8,0.8,900.0,0.01,20
13.370000000000001,900.3885380701771,194.04951724468995,0.2,0.2,20.249999999999996,0.8,0.8,900.0,0.01,20
13.38,900.4055221828147,193.52317438059367,0.2,0.2,20.249999999999996,0.8,0.8,900.0,0.01,20
13.39,900.4254877653094,193.5141848851765,0.2,0.2,20.249999999999996,0.8,0.8,900.0,0.01,20
13.4,900.4467032610538,193.84696343633868,0.2,0.2,20.249999999999996,0.8,0.8,900.0,0.01,20
13.41,900.4664795476889,194.46621957556957,0.2,0.2,20.249999999999996,0.8,0.8,900.0,0.01,20
13.42,900.4820543404759,195.37262575794034,0.2,0.2,20.249999999999996,0.8,0.8,900.0,0.01,20
13.43,900.4916443146973,196.4340133552892,0.2,0.2,20.249999999999996,0.8,0.8,900.0,0.01,20
13.44,900.49450698645,197.51835089239626,0.2,0.2,20.249999999999996,0.8,0.8,900.0,0.01,20
13.450000000000001,900.4904411061672,198.46560256745857,0.2,0.2,20.249999999999996,0.8,0.8,900.0,0.01,20
13.46,900.4809511214847,199.24903244987513,0.2,0.2,20.249999999999996,0.8,0.8,900.0,0.01,20
13.47,900.4679081540365,199.6820008472306,0.2,0.2,20.249999999999996,0.8,0.8,900.0,0.01,20
13.48,900.4541387795009,199.3456512166175,0.2,0.2,20.249999999999996,0.8,0.8,900.0,0.01,20
13.49,900.440339718166,198.97863224556923,0.2,0.2,20.249999999999996,0.8,0.8,900.0,0.01,20
13.5,900.4287748520557,198.4298701716516,0.2,0.2,20.249999999999996,0.8,0.8,900.0,0.01,20
13.51,900.4218697009202,197.3048280001936,0.2,0.2,20.249999999999996,0.8,0.8,900.0,0.01,20
13.52,900.4192833415086,196.337746129056,0.2,0.2,20.249999999999996,0.8,0.8,900.0,0.01,20
13.530000000000001,900.4205716905664,195.52454697843234,0.2,0.2,20.249999999999996,0.8,0.8,900.0,0.01,20
13.540000000000001,900.4253687722804,194.8503904988933,0.2,0.2,20.249999999999996,0.8,0.8,900.0,0.01,20
13.55,900.4318456500808,194.32563381052262,0.2,0.2,20.249999999999996,0.8,0.8,900.0,0.01,20
13.56,900.4381598630448,194.01220839268257,0.2,0.2,20.249999999999996,0.8,0.8,900.0,0.01,20
13.57,900.4422481216774,193.85900532347148,0.2,0.2,20.249999999999996,0.8,0.8,900.0,0.01,20
13.58,900.442761368131,193.92805275650358,0.2,0.2,20.249999999999996,0.8,0.8,900.0,0.01,20
13.59,900.4392744586736,194.14621579006132,0.2,0.2,20.249999999999996,0.8,0.8,900.0,0.01,20
13.6,900.4322788558285,194.46933774111156,0.2,0.2,20.249999999999996,0.8,0.8,900.0,0.01,20
13.61,900.4229326826444,194.61125184484374,0.2,0.2,20.249999999999996,0.8,0.8,900.0,0.01,20
13.620000000000001,900.4122261309492,194.61983109941522,0.2,0.2,20.249999999999996,0.8,0.8,900.0,0.01,20
13.63,900.4014898298296,194.60212326453683,0.2,0.2,20.249999999999996,0.8,0.8,900.0,0.01,20
13.64,900.3924773874245,194.33216979996962,0.2,0.2,20.249999999999996,0.8,0.8,900.0,0.01,20
13.65,900.3851485671757,194.31385518643646,0.2,0.2,20.249999999999996,0.8,0.8,900.0,0.01,20
13.66,900.3800790058164,194.3160732913419,0.2,0.2,20.249999999999996,0.8,0.8,900.0,0.01,20
13.67,900.3776613696485,194.36093624923976,0.2,0.2,20.249999999999996,0.8,0.8,900.0,0.01,20
13.68,900.3779292057175,194.5135556234794,0.2,0.2,20.249999999999996,0.8,0.8,900.0,0.01,20
13.69,900.3808389961936,194.7726249783622,0.2,0.2,20.249999999999996,0.8,0.8,900.0,0.01,20
13.700000000000001,900.3858338179556,195.13264850465325,0.2,0.2,20.249999999999996,0.8,0.8,900.0,0.01,20
13.71,900.3922554471541,195.61139428289079,0.2,0.2,20.249999999999996,0.8,0.8,900.0,0.01,20
13.72,900.399805591592,196.01593765694275,0.2,0.2,20.249999999999996,0.8,0.8,900.0,0.01,20
13.73,900.4081538556791,196.40562201939176,0.2,0.2,20.249999999999996,0.8,0.8,900.0,0.01,20
13.74,900.4170845423179,196.71624666704986,0.2,0.2,20.249999999999996,0.8,0.8,900.0,0.01,20
13.75,900.4267716649659,196.82116727326007,0.2,0.2,20.249999999999996,0.8,0.8,900.0,0.01,20
13.76,900.4360913337471,197.03568711568312,0.2,0.2,20.249999999999996,0.8,0.8,900.0,0.01,20
13.77,900.445047443302,197.00863519427273,0.2,0.2,20.249999999999996,0.8,0.8,900.0,0.01,20
13.780000000000001,900.4536455832583,197.14772389695992,0.2,0.2,20.249999999999996,0.8,0.8,900.0,0.01,20
13.790000000000001,900.4620829933765,197.42063330759345,0.2,0.2,20.249999999999996,0.8,0.8,900.0,0.01,20
13.8,900.4702488733554,197.80951833391583,0.2,0.2,20.249999999999996,0.8,0.8,900.0,0.01,20
13.81,900.4775827077156,198.3833991431701,0.2,0.2,20.249999999999996,0.8,0.8,900.0,0.01,20
13.82,900.483238874138,199.0898658115074,0.2,0.2,20.249999999999996,0.8,0.8,900.0,0.01,20
13.83,900.4867615699563,199.85005308241747,0.2,0.2,20.249999999999996,0.8,0.8,900.0,0.01,20
13.84,900.4878477176477,200.6712760058265,0.2,0.2,20.249999999999996,0.8,0.8,900.0,0.01,20
13.85,900.4865118559611,201.54133982432936,0.2,0.2,20.249999999999996,0.8,0.8,900.0,0.01,20
13.86,900.4833598758858,202.39385927055326,0.2,0.2,20.249999999999996,0.8,0.8,900.0,0.01,20
13.870000000000001,900.479107151176,203.14908483913456,0.2,0.2,20.249999999999996,0.8,0.8,900.0,0.01,20
13.88,900.4740279549534,203.73357069904432,0.2,0.2,20.249999999999996,0.8,0.8,900.0,0.01,20
13.89,900.4684231223547,204.3519213590219,0.2,0.2,20.249999999999996,0.8,0.8,900.0,0.01,20
13.9,900.4623039436391,204.93254451808042,0.2,0.2,20.249999999999996,0.8,0.8,900.0,0.01,20
13.91,900.4556189962434,205.42090910597486,0.2,0.2,20.249999999999996,0.8,0.8,900.0,0.01,20
13.92,900.4482638411152,205.7219037895054,0.2,0.2,20.249999999999996,0.8,0.8,900.0,0.01,20
13.93,900.4392147871038,205.62043619407325,0.2,0.2,20.249999999999996,0.8,0.8,900.0,0.01,20
13.94,900.4298485846637,205.13221773272392,0.2,0.2,20.249999999999996,0.8,0.8,900.0,0.01,20
13.950000000000001,900.4207182366699,204.47240398801125,0.2,0.2,20.249999999999996,0.8,0.8,900.0,0.01,20
13.96,900.4123237138965,203.60086263979684,0.2,0.2,20.249999999999996,0.8,0.8,900.0,0.01,20
13.97,900.4057611594886,202.51236200084844,0.2,0.2,20.249999999999996,0.8,0.8,900.0,0.01,20
13.98,900.4018382774027,201.4291871543069,0.2,0.2,20.249999999999996,0.8,0.8,900.0,0.01,20
13.99,900.4012805359089,200.3273777836321,0.2,0.2,20.249999999999996,0.8,0.8,900.0,0.01,20
14.0,900.4042939480867,199.30184769818,0.2,0.2,20.249999999999996,0.8,0.8,900.0,0.01,20
14.01,900.4106008033696,198.34969591103524,0.2,0.2,20.249999999999996,0.8,0.8,900.0,0.01,20
14.02,900.4189063436397,197.6128509387022,0.2,0.2,20.249999999999996,0.8,0.8,900.0,0.01,20
14.030000000000001,900.4277405649927,197.2126383197832,0.2,0.2,20.249999999999996,0.8,0.8,900.0,0.01,20
14.040000000000001,900.4361528127044,197.21659728476487,0.2,0.2,20.249999999999996,0.8,0.8,900.0,0.01,20
14.05,900.4433414913157,197.5424923998231,0.2,0.2,20.249999999999996,0.8,0.8,900.0,0.01,20
14.06,900.4487859080946,198.05694984923372,0.2,0.2,20.249999999999996,0.8,0.8,900.0,0.01,20
14.07,900.4518332055196,198.82666990486743,0.2,0.2,20.249999999999996,0.8,0.8,900.0,0.01,20
14.08,900.4526941645381,199.68136403107334,0.2,0.2,20.249999999999996,0.8,0.8,900.0,0.01,20
14.09,900.4519596490157,200.45215921424395,0.2,0.2,20.249999999999996,0.8,0.8,900.0,0.01,20
14.1,900.4504357975771,200.99448563579418,0.2,0.2,20.249999999999996,0.8,0.8,900.0,0.01,20
14.11,900.4491878768673,201.24236793950814,0.2,0.2,20.249999999999996,0.8,0.8,900.0,0.01,20
14.120000000000001,900.4489578808705,201.10915300367247,0.2,0.2,20.249999999999996,0.8,0.8,900.0,0.01,20
14.13,900.4502394878218,200.73063095426002,0.2,0.2,20.249999999999996,0.8,0.8,900.0,0.01,20
14.14,900.4521844259074,200.43203542449683,0.2,0.2,20.249999999999996,0.8,0.8,900.0,0.01,20
14.15,900.453953574106,200.21693274297664,0.2,0.2,20.249999999999996,0.8,0.8,900.0,0.01,20
14.16,900.4542314528549,200.11390531870157,0.2,0.2,20.249999999999996,0.8,0.8,900.0,0.01,20
14.17,900.4512980017571,200.1528970067831,0.2,0.2,20.249999999999996,0.8,0.8,900.0,0.01,20
14.18,900.4443169653194,200.2629501599348,0.2,0.2,20.249999999999996,0.8,0.8,900.0,0.01,20
14.19,900.4329674659706,200.44594717100176,0.2,0.2,20.249999999999996,0.8,0.8,900.0,0.01,20
14.200000000000001,900.4176376727573,200.60469584856384,0.2,0.2,20.249999999999996,0.8,0.8,900.0,0.01,20
14.21,900.4012962011379,200.56621922736144,0.2,0.2,20.249999999999996,0.8,0.8,900.0,0.01,20
14.22,900.3860950540138,200.26383759353308,0.2,0.2,20.249999999999996,0.8,0.8,900.0,0.01,20
14.23,900.3737947269715,199.79570963082213,0.2,0.2,20.249999999999996,0.8,0.8,900.0,0.01,20
14.24,900.3658788142914,199.19655506445397,0.2,0.2,20.249999999999996,0.8,0.8,900.0,0.01,20
14.25,900.3631692684897,198.54771907003612,0.2,0.2,20.249999999999996,0.8,0.8,900.0,0.01,20
14.26,900.3660436371053,197.8848442498837,0.2,0.2,20.249999999999996,0.8,0.8,900.0,0.01,20
14.27,900.374186229483,197.23005918222358,0.2,0.2,20.249999999999996,0.8,0.8,900.0,0.01,20
14.280000000000001,900.3871971238123,196.6729152337165,0.2,0.2,20.249999999999996,0.8,0.8,900.0,0.01,20
14.290000000000001,900.4034959060191,196.2684083269075,0.2,0.2,20.249999999999996,0.8,0.8,900.0,0.01,20
14.3,900.4223151006249,196.04489907810594,0.2,0.2,20.249999999999996,0.8,0.8,900.0,0.01,20
14.31,900.4429673997062,196.05779598711828,0.2,0.2,20.249999999999996,0.8,0.8,900.0,0.01,20
14.32,900.4640142508223,196.38645115543792,0.2,0.2,20.249999999999996,0.8,0.8,900.0,0.01,20
14.33,900.4844311818649,197.00554481094656,0.2,0.2,20.249999999999996,0.8,0.8,900.0,0.01,20
14.34,900.5026013037873,198.016118272973,0.2,0.2,20.249999999999996,0.8,0.8,900.0,0.01,20
14.35,900.5166443809834,199.4749853606096,0.2,0.2,20.249999999999996,0.8,0.8,900.0,0.01,20
14.36,900.5252879713795,201.34396172763903,0.2,0.2,20.249999999999996,0.8,0.8,900.0,0.01,20
14.370000000000001,900.5269662395248,203.55749544901096,0.2,0.2,20.249999999999996,0.8,0.8,900.0,0.01,20
14.38,900.5211496545882,205.89700488422864,0.2,0.2,20.249999999999996,0.8,0.8,900.0,0.01,20
14.39,900.5081409022526,208.05792824704014,0.2,0.2,20.249999999999996,0.8,0.8,900.0,0.01,20
14.4,900.48936332861,209.79907141106696,0.2,0.2,20.249999999999996,0.8,0.8,900.0,0.01,20
14.41,900.4667783141093,210.91616651178103,0.2,0.2,20.249999999999996,0.8,0.8,900.0,0.01,20
14.42,900.4426073432734,211.3208431883422,0.2,0.2,20.249999999999996,0.8,0.8,900.0,0.01,20
14.43,900.4188191041898,211.00190185760516,0.2,0.2,20.249999999999996,0.8,0.8,900.0,0.01,20
14.44,900.396751172903,210.0190684120267,0.2,0.2,20.249999999999996,0.8,0.8,900.0,0.01,20
14.450000000000001,900.3782835899426,208.46336402031417,0.2,0.2,20.249999999999996,0.8,0.8,900.0,0.01,20
14.46,900.3647817911946,206.54565174554642,0.2,0.2,20.249999999999996,0.8,0.8,900.0,0.01,20
14.47,900.357204711787,204.52001359024936,0.2,0.2,20.249999999999996,0.8,0.8,900.0,0.01,20
14.48,900.3562808349926,202.5782616885286,0.2,0.2,20.249999999999996,0.8,0.8,900.0,0.01,20
14.49,900.3609674059493,200.89280778969896,0.2,0.2,20.249999999999996,0.8,0.8,900.0,0.01,20
14.5,900.369366155392,199.46938697163918,0.2,0.2,20.249999999999996,0.8,0.8,900.0,0.01,20
14.51,900.3795275372627,198.32396634455043,0.2,0.2,20.249999999999996,0.8,0.8,900.0,0.01,20
14.52,900.3904646819061,197.4215977474451,0.2,0.2,20.249999999999996,0.8,0.8,900.0,0.01,20
14.530000000000001,900.4025135353978,196.75196080058492,0.2,0.2,20.249999999999996,0.8,0.8,900.0,0.01,20
14.540000000000001,900.4166148441584,196.46571487423972,0.2,0.2,20.249999999999996,0.8,0.8,900.0,0.01,20
14.55,900.4338080001295,196.68463285239736,0.2,0.2,20.249999999999996,0.8,0.8,900.0,0.01,20
14.56,900.454027515401,197.4295029001321,0.2,0.2,20.249999999999996,0.8,0.8,900.0,0.01,20
14.57,900.4763076306438,198.66093432628514,0.2,0.2,20.249999999999996,0.8,0.8,900.0,0.01,20
14.58,900.498238780502,200.44638259765253,0.2,0.2,20.249999999999996,0.8,0.8,900.0,0.01,20
14.59,900.5168735929748,202.70548945674994,0.2,0.2,20.249999999999996,0.8,0.8,900.0,0.01,20
14.6,900.529030092156,205.29810534193444,0.2,0.2,20.249999999999996,0.8,0.8,900.0,0.01,20
14.61,900.5323276654347,207.92025251496005,0.2,0.2,20.249999999999996,0.8,0.8,900.0,0.01,20
14.620000000000001,900.5258249171106,210.09196921905277,0.2,0.2,20.249999999999996,0.8,0.8,900.0,0.01,20
14.63,900.5097215645627,211.8367620943487,0.2,0.2,20.249999999999996,0.8,0.8,900.0,0.01,20
14.64,900.485478461386,212.92484283566702,0.2,0.2,20.249999999999996,0.8,0.8,900.0,0.01,20
14.65,900.4576016981812,212.91151997432252,0.2,0.2,20.249999999999996,0.8,0.8,900.0,0.01,20
14.66,900.4290021621874,212.34168086930492,0.2,0.2,20.249999999999996,0.8,0.8,900.0,0.01,20
14.67,900.4039082515746,211.096893624345,0.2,0.2,20.249999999999996,0.8,0.8,900.0,0.01,20
14.68,900.3867905089539,209.03513540203815,0.2,0.2,20.249999999999996,0.8,0.8,900.0,0.01,20
14.69,900.3763160013868,207.5291781450571,0.2,0.2,20.249999999999996,0.8,0.8,900.0,0.01,20
14.700000000000001,900.3730739923813,205.96250822340363,0.2,0.2,20.249999999999996,0.8,0.8,900.0,0.01,20
14.71,900.3757894424373,204.6210082662424,0.2,0.2,20.249999999999996,0.8,0.8,900.0,0.01,20
14.72,900.3824841411827,203.52423415604542,0.2,0.2,20.249999999999996,0.8,0.8,900.0,0.01,20
14.73,900.3906752855282,202.68690741455416,0.2,0.2,20.249999999999996,0.8,0.8,900.0,0.01,20
14.74,900.3987972718195,201.77713378482045,0.2,0.2,20.249999999999996,0.8,0.8,900.0,0.01,20
14.75,900.4050810014722,201.4384265680279,0.2,0.2,20.249999999999996,0.8,0.8,900.0,0.01,20
14.76,900.409469632398,200.96081100742663,0.2,0.2,20.249999999999996,0.8,0.8,900.0,0.01,20
14.77,900.412826534892,200.77343734375387,0.2,0.2,20.249999999999996,0.8,0.8,900.0,0.01,20
14.780000000000001,900.4158237375385,200.72237431670783,0.2,0.2,20.249999999999996,0.8,0.8,900.0,0.01,20
14.790000000000001,900.4192458336935,200.61423456220194,0.2,0.2,20.249999999999996,0.8,0.8,900.0,0.01,20
14.8,900.4241084929184,200.55665702375188,0.2,0.2,20.249999999999996,0.8,0.8,900.0,0.01,20
14.81,900.4290413940928,200.56769579694893,0.2,0.2,20.249999999999996,0.8,0.8,900.0,0.01,20
14.82,900.4336584665557,200.25843073072494,0.2,0.2,20.249999999999996,0.8,0.8,900.0,0.01,20
14.83,900.4366878516229,200.0338359072654,0.2,0.2,20.249999999999996,0.8,0.8,900.0,0.01,20
14.84,900.4375817721091,200.0467586576507,0.2,0.2,20.249999999999996,0.8,0.8,900.0,0.01,20
14.85,900.435558371126,200.19352573128907,0.2,0.2,20.249999999999996,0.8,0.8,900.0,0.01,20
14.86,900.4316337705777,200.41582924191457,0.2,0.2,20.249999999999996,0.8,0.8,900.0,0.01,20
14.870000000000001,900.427539455693,200.59052054399314,0.2,0.2,20.249999999999996,0.8,0.8,900.0,0.01,20
14.88,900.425213001551,200.61331573410382,0.2,0.2,20.249999999999996,0.8,0.8,900.0,0.01,20
14.89,900.426402450473,200.6569432022583,0.2,0.2,20.249999999999996,0.8,0.8,900.0,0.01,20
14.9,900.4315450773759,200.91189981030058,0.2,0.2,20.249999999999996,0.8,0.8,900.0,0.01,20
14.91,900.4400532208343,201.454766448423,0.2,0.2,20.249999999999996,0.8,0.8,900.0,0.01,20
14.92,900.4503101908379,202.3031249828138,0.2,0.2,20.249999999999996,0.8,0.8,900.0,0.01,20
14.93,900.4606450152912,203.3653703809838,0.2,0.2,20.249999999999996,0.8,0.8,900.0,0.01,20
14.94,900.4687702948349,204.8249255632339,0.2,0.2,20.249999999999996,0.8,0.8,900.0,0.01,20
14.950000000000001,900.4736809162738,206.34310208250565,0.2,0.2,20.249999999999996,0.8,0.8,900.0,0.01,20
14.96,900.4747395370879,208.08192911669883,0.2,0.2,20.249999999999996,0.8,0.8,900.0,0.01,20
14.97,900.4729525860413,209.32968159680726,0.2,0.2,20.249999999999996,0.8,0.8,900.0,0.01,20
14.98,900.4684455834762,210.6207825913179,0.2,0.2,20.249999999999996,0.8,0.8,900.0,0.01,20
14.99,900.4631000308042,211.4763984161556,0.2,0.2,20.249999999999996,0.8,0.8,900.0,0.01,20
15.0,900.4584913073844,211.78331722793075,0.2,0.2,20.249999999999996,0.8,0.8,900.0,0.01,20
